,"en-US","de-DE","es-ES","fr-FR","it-IT","ja-JP","ko-KR","pl-PL","pt-BR","ru-RU","zh-HANS","zh-HANT"
"# Mod title and description.",,,,,,,,,,,,
"Title","Building Use","Gebäudenutzung","Edificio Uso","Bâtiment Utilisation","Edificio Utilizzo","建物の使用状","건물 사용","Wykorzystanie budynku","Edifício Utilização","Использование здания","建筑用途","建築用途"
"Description","New infoviews to display the use of buildings as a percent of their capacity.",,,,,,,,,,,
,,,,,,,,,,,,
,,,,,,,,,,,,
"# Infoview titles.",,,,,,,,,,,,
"@@Employees","$$SelectedInfoPanel.EMPLOYEES","$$SelectedInfoPanel.EMPLOYEES","$$SelectedInfoPanel.EMPLOYEES","$$SelectedInfoPanel.EMPLOYEES","$$SelectedInfoPanel.EMPLOYEES","$$SelectedInfoPanel.EMPLOYEES","$$SelectedInfoPanel.EMPLOYEES","$$SelectedInfoPanel.EMPLOYEES","$$SelectedInfoPanel.EMPLOYEES","$$SelectedInfoPanel.EMPLOYEES","$$SelectedInfoPanel.EMPLOYEES","$$SelectedInfoPanel.EMPLOYEES"
"@@Visitors","Visitors","Besucher","Visitantes","Visiteurs","Visitatori","訪問者","방문자","Odwiedzający","Visitantes","Посетители","访客","訪客"
"@@Storage","$$SelectedInfoPanel.WAREHOUSE_STORAGE","$$SelectedInfoPanel.WAREHOUSE_STORAGE","$$SelectedInfoPanel.WAREHOUSE_STORAGE","$$SelectedInfoPanel.WAREHOUSE_STORAGE","$$SelectedInfoPanel.WAREHOUSE_STORAGE","$$SelectedInfoPanel.WAREHOUSE_STORAGE","$$SelectedInfoPanel.WAREHOUSE_STORAGE","$$SelectedInfoPanel.WAREHOUSE_STORAGE","$$SelectedInfoPanel.WAREHOUSE_STORAGE","$$SelectedInfoPanel.WAREHOUSE_STORAGE","$$SelectedInfoPanel.WAREHOUSE_STORAGE","$$SelectedInfoPanel.WAREHOUSE_STORAGE"
"@@Vehicles","$$SelectedInfoPanel.VEHICLES[HouseholdVehicle]","$$SelectedInfoPanel.VEHICLES[HouseholdVehicle]","$$SelectedInfoPanel.VEHICLES[HouseholdVehicle]","$$SelectedInfoPanel.VEHICLES[HouseholdVehicle]","$$SelectedInfoPanel.VEHICLES[HouseholdVehicle]","$$SelectedInfoPanel.VEHICLES[HouseholdVehicle]","$$SelectedInfoPanel.VEHICLES[HouseholdVehicle]","$$SelectedInfoPanel.VEHICLES[HouseholdVehicle]","$$SelectedInfoPanel.VEHICLES[HouseholdVehicle]","$$SelectedInfoPanel.VEHICLES[HouseholdVehicle]","$$SelectedInfoPanel.VEHICLES[HouseholdVehicle]","$$SelectedInfoPanel.VEHICLES[HouseholdVehicle]"
"@@Efficiency","$$SelectedInfoPanel.EFFICIENCY","$$SelectedInfoPanel.EFFICIENCY","$$SelectedInfoPanel.EFFICIENCY","$$SelectedInfoPanel.EFFICIENCY","$$SelectedInfoPanel.EFFICIENCY","$$SelectedInfoPanel.EFFICIENCY","$$SelectedInfoPanel.EFFICIENCY","$$SelectedInfoPanel.EFFICIENCY","$$SelectedInfoPanel.EFFICIENCY","$$SelectedInfoPanel.EFFICIENCY","$$SelectedInfoPanel.EFFICIENCY","$$SelectedInfoPanel.EFFICIENCY"
"@@Processing","$$EconomyPanel.PRODUCTION_CHAIN_ITEM[Processing]","$$EconomyPanel.PRODUCTION_CHAIN_ITEM[Processing]","$$EconomyPanel.PRODUCTION_CHAIN_ITEM[Processing]","Traitement","$$EconomyPanel.PRODUCTION_CHAIN_ITEM[Processing]","$$EconomyPanel.PRODUCTION_CHAIN_ITEM[Processing]","$$EconomyPanel.PRODUCTION_CHAIN_ITEM[Processing]","$$EconomyPanel.PRODUCTION_CHAIN_ITEM[Processing]","$$EconomyPanel.PRODUCTION_CHAIN_ITEM[Processing]","$$EconomyPanel.PRODUCTION_CHAIN_ITEM[Processing]","$$EconomyPanel.PRODUCTION_CHAIN_ITEM[Processing]","$$EconomyPanel.PRODUCTION_CHAIN_ITEM[Processing]"
"@@Production","$$EconomyPanel.PRODUCTION_PAGE_PRODUCTION","$$EconomyPanel.PRODUCTION_PAGE_PRODUCTION","$$EconomyPanel.PRODUCTION_PAGE_PRODUCTION","$$EconomyPanel.PRODUCTION_PAGE_PRODUCTION","$$EconomyPanel.PRODUCTION_PAGE_PRODUCTION","$$EconomyPanel.PRODUCTION_PAGE_PRODUCTION","$$EconomyPanel.PRODUCTION_PAGE_PRODUCTION","$$EconomyPanel.PRODUCTION_PAGE_PRODUCTION","$$EconomyPanel.PRODUCTION_PAGE_PRODUCTION","$$EconomyPanel.PRODUCTION_PAGE_PRODUCTION","$$EconomyPanel.PRODUCTION_PAGE_PRODUCTION","$$EconomyPanel.PRODUCTION_PAGE_PRODUCTION"
"InfoviewTitleEmployees","@@Title – @@Employees","@@Title – @@Employees","@@Title – @@Employees","@@Title – @@Employees","@@Title – @@Employees","@@Title – @@Employees","@@Title – @@Employees","@@Title – @@Employees","@@Title – @@Employees","@@Title – @@Employees","@@Title – @@Employees","@@Title – @@Employees"
"InfoviewTitleVisitors","@@Title – @@Visitors","@@Title – @@Visitors","@@Title – @@Visitors","@@Title – @@Visitors","@@Title – @@Visitors","@@Title – @@Visitors","@@Title – @@Visitors","@@Title – @@Visitors","@@Title – @@Visitors","@@Title – @@Visitors","@@Title – @@Visitors","@@Title – @@Visitors"
"InfoviewTitleStorage","@@Title – @@Storage","@@Title – @@Storage","@@Title – @@Storage","@@Title – @@Storage","@@Title – @@Storage","@@Title – @@Storage","@@Title – @@Storage","@@Title – @@Storage","@@Title – @@Storage","@@Title – @@Storage","@@Title – @@Storage","@@Title – @@Storage"
"InfoviewTitleVehicles","@@Title – @@Vehicles","@@Title – @@Vehicles","@@Title – @@Vehicles","@@Title – @@Vehicles","@@Title – @@Vehicles","@@Title – @@Vehicles","@@Title – @@Vehicles","@@Title – @@Vehicles","@@Title – @@Vehicles","@@Title – @@Vehicles","@@Title – @@Vehicles","@@Title – @@Vehicles"
"InfoviewTitleEfficiency","@@Title – @@Efficiency","@@Title – @@Efficiency","@@Title – @@Efficiency","@@Title – @@Efficiency","@@Title – @@Efficiency","@@Title – @@Efficiency","@@Title – @@Efficiency","@@Title – @@Efficiency","@@Title – @@Efficiency","@@Title – @@Efficiency","@@Title – @@Efficiency","@@Title – @@Efficiency"
"InfoviewTitleProcessing","@@Title – @@Processing","@@Title – @@Processing","@@Title – @@Processing","@@Title – @@Processing","@@Title – @@Processing","@@Title – @@Processing","@@Title – @@Processing","@@Title – @@Processing","@@Title – @@Processing","@@Title – @@Processing","@@Title – @@Processing","@@Title – @@Processing"
"InfoviewTitleProduction","@@Title – @@Production","@@Title – @@Production","@@Title – @@Production","@@Title – @@Production","@@Title – @@Production","@@Title – @@Production","@@Title – @@Production","@@Title – @@Production","@@Title – @@Production","@@Title – @@Production","@@Title – @@Production","@@Title – @@Production"
,,,,,,,,,,,,
"# Infomode titles.",,,,,,,,,,,,
"InfomodeTitleEmployeesResidential","$$Infoviews.INFOVIEW[Residential]","$$Infoviews.INFOVIEW[Residential]","$$Infoviews.INFOVIEW[Residential]","$$Infoviews.INFOVIEW[Residential]","$$Infoviews.INFOVIEW[Residential]","$$Infoviews.INFOVIEW[Residential]","$$Infoviews.INFOVIEW[Residential]","$$Infoviews.INFOVIEW[Residential]","$$Infoviews.INFOVIEW[Residential]","$$Infoviews.INFOVIEW[Residential]","$$Infoviews.INFOVIEW[Residential]","$$Infoviews.INFOVIEW[Residential]"
"InfomodeTitleEmployeesCommercial","$$Infoviews.INFOVIEW[Commercial]","$$Infoviews.INFOVIEW[Commercial]","$$Infoviews.INFOVIEW[Commercial]","$$Infoviews.INFOVIEW[Commercial]","$$Infoviews.INFOVIEW[Commercial]","$$Infoviews.INFOVIEW[Commercial]","$$Infoviews.INFOVIEW[Commercial]","$$Infoviews.INFOVIEW[Commercial]","$$Infoviews.INFOVIEW[Commercial]","$$Infoviews.INFOVIEW[Commercial]","$$Infoviews.INFOVIEW[Commercial]","$$Infoviews.INFOVIEW[Commercial]"
"InfomodeTitleEmployeesExtractor","$$SelectedInfoPanel.INDUSTRIAL_TYPE[Extractor]","$$SelectedInfoPanel.INDUSTRIAL_TYPE[Extractor]","$$SelectedInfoPanel.INDUSTRIAL_TYPE[Extractor]","$$SelectedInfoPanel.INDUSTRIAL_TYPE[Extractor]","$$SelectedInfoPanel.INDUSTRIAL_TYPE[Extractor]","$$SelectedInfoPanel.INDUSTRIAL_TYPE[Extractor]","$$SelectedInfoPanel.INDUSTRIAL_TYPE[Extractor]","$$SelectedInfoPanel.INDUSTRIAL_TYPE[Extractor]","$$SelectedInfoPanel.INDUSTRIAL_TYPE[Extractor]","$$SelectedInfoPanel.INDUSTRIAL_TYPE[Extractor]","$$SelectedInfoPanel.INDUSTRIAL_TYPE[Extractor]","$$SelectedInfoPanel.INDUSTRIAL_TYPE[Extractor]"
"InfomodeTitleEmployeesIndustrial","$$Infoviews.INFOVIEW[Industrial]","$$Infoviews.INFOVIEW[Industrial]","$$Infoviews.INFOVIEW[Industrial]","$$Infoviews.INFOVIEW[Industrial]","$$Infoviews.INFOVIEW[Industrial]","$$Infoviews.INFOVIEW[Industrial]","$$Infoviews.INFOVIEW[Industrial]","$$Infoviews.INFOVIEW[Industrial]","$$Infoviews.INFOVIEW[Industrial]","$$Infoviews.INFOVIEW[Industrial]","$$Infoviews.INFOVIEW[Industrial]","$$Infoviews.INFOVIEW[Industrial]"
"InfomodeTitleEmployeesOffice","$$Infoviews.INFOVIEW[Office]","$$Infoviews.INFOVIEW[Office]","$$Infoviews.INFOVIEW[Office]","$$Infoviews.INFOVIEW[Office]","$$Infoviews.INFOVIEW[Office]","$$Infoviews.INFOVIEW[Office]","$$Infoviews.INFOVIEW[Office]","$$Infoviews.INFOVIEW[Office]","$$Infoviews.INFOVIEW[Office]","$$Infoviews.INFOVIEW[Office]","$$Infoviews.INFOVIEW[Office]","$$Infoviews.INFOVIEW[Office]"
"InfomodeTitleEmployeesParking","$$SelectedInfoPanel.PARKING_TITLE","$$SelectedInfoPanel.PARKING_TITLE","$$SelectedInfoPanel.PARKING_TITLE","$$SelectedInfoPanel.PARKING_TITLE","$$SelectedInfoPanel.PARKING_TITLE","$$SelectedInfoPanel.PARKING_TITLE","$$SelectedInfoPanel.PARKING_TITLE","$$SelectedInfoPanel.PARKING_TITLE","$$SelectedInfoPanel.PARKING_TITLE","$$SelectedInfoPanel.PARKING_TITLE","$$SelectedInfoPanel.PARKING_TITLE","$$SelectedInfoPanel.PARKING_TITLE"
"InfomodeTitleEmployeesRoadMaintenance","Road Maintenance","Straßenunterhaltung","Mantenimiento de carreteras","Entretien des routes","Manutenzione stradale","道路整備","도로 유지 관리","Utrzymanie dróg","Manutenção de estradas","Техническое обслуживание дорог","道路维护","道路養護"
"InfomodeTitleEmployeesElectricity","$$SubServices.NAME[Electricity]","$$SubServices.NAME[Electricity]","$$SubServices.NAME[Electricity]","$$SubServices.NAME[Electricity]","$$SubServices.NAME[Electricity]","$$SubServices.NAME[Electricity]","$$SubServices.NAME[Electricity]","$$SubServices.NAME[Electricity]","$$SubServices.NAME[Electricity]","$$SubServices.NAME[Electricity]","$$SubServices.NAME[Electricity]","$$SubServices.NAME[Electricity]"
"InfomodeTitleEmployeesWater","$$SubServices.NAME[TransportationShip]","$$SubServices.NAME[TransportationShip]","$$SubServices.NAME[TransportationShip]","$$SubServices.NAME[TransportationShip]","$$SubServices.NAME[TransportationShip]","$$SubServices.NAME[TransportationShip]","$$SubServices.NAME[TransportationShip]","$$SubServices.NAME[TransportationShip]","$$SubServices.NAME[TransportationShip]","$$SubServices.NAME[TransportationShip]","$$SubServices.NAME[TransportationShip]","$$SubServices.NAME[TransportationShip]"
"InfomodeTitleEmployeesSewage","$$SelectedInfoPanel.SEWAGE_TITLE","$$SelectedInfoPanel.SEWAGE_TITLE","$$SelectedInfoPanel.SEWAGE_TITLE","$$SelectedInfoPanel.SEWAGE_TITLE","$$SelectedInfoPanel.SEWAGE_TITLE","$$SelectedInfoPanel.SEWAGE_TITLE","$$SelectedInfoPanel.SEWAGE_TITLE","$$SelectedInfoPanel.SEWAGE_TITLE","$$SelectedInfoPanel.SEWAGE_TITLE","$$SelectedInfoPanel.SEWAGE_TITLE","$$SelectedInfoPanel.SEWAGE_TITLE","$$SelectedInfoPanel.SEWAGE_TITLE"
"InfomodeTitleEmployeesHealthcare","$$SubServices.NAME[Healthcare]","$$SubServices.NAME[Healthcare]","$$SubServices.NAME[Healthcare]","$$SubServices.NAME[Healthcare]","$$SubServices.NAME[Healthcare]","$$SubServices.NAME[Healthcare]","$$SubServices.NAME[Healthcare]","$$SubServices.NAME[Healthcare]","$$SubServices.NAME[Healthcare]","$$SubServices.NAME[Healthcare]","$$SubServices.NAME[Healthcare]","$$SubServices.NAME[Healthcare]"
"InfomodeTitleEmployeesDeathcare","$$SubServices.NAME[Deathcare]","$$SubServices.NAME[Deathcare]","$$SubServices.NAME[Deathcare]","$$SubServices.NAME[Deathcare]","$$SubServices.NAME[Deathcare]","$$SubServices.NAME[Deathcare]","$$SubServices.NAME[Deathcare]","$$SubServices.NAME[Deathcare]","$$SubServices.NAME[Deathcare]","$$SubServices.NAME[Deathcare]","$$SubServices.NAME[Deathcare]","$$SubServices.NAME[Deathcare]"
"InfomodeTitleEmployeesGarbageManagement","$$SubServices.NAME[GarbageManagement]","$$SubServices.NAME[GarbageManagement]","$$SubServices.NAME[GarbageManagement]","$$SubServices.NAME[GarbageManagement]","$$SubServices.NAME[GarbageManagement]","$$SubServices.NAME[GarbageManagement]","$$SubServices.NAME[GarbageManagement]","$$SubServices.NAME[GarbageManagement]","$$SubServices.NAME[GarbageManagement]","$$SubServices.NAME[GarbageManagement]","$$SubServices.NAME[GarbageManagement]","$$SubServices.NAME[GarbageManagement]"
"InfomodeTitleEmployeesEducation","$$SubServices.NAME[Education]","$$SubServices.NAME[Education]","$$SubServices.NAME[Education]","$$SubServices.NAME[Education]","$$SubServices.NAME[Education]","$$SubServices.NAME[Education]","$$SubServices.NAME[Education]","$$SubServices.NAME[Education]","$$SubServices.NAME[Education]","$$SubServices.NAME[Education]","$$SubServices.NAME[Education]","$$SubServices.NAME[Education]"
"InfomodeTitleEmployeesResearch","$$SubServices.NAME[Research]","$$SubServices.NAME[Research]","$$SubServices.NAME[Research]","$$SubServices.NAME[Research]","$$SubServices.NAME[Research]","$$SubServices.NAME[Research]","$$SubServices.NAME[Research]","$$SubServices.NAME[Research]","$$SubServices.NAME[Research]","$$SubServices.NAME[Research]","$$SubServices.NAME[Research]","$$SubServices.NAME[Research]"
"InfomodeTitleEmployeesFireRescue","$$SubServices.NAME[Fire & Rescue]","$$SubServices.NAME[Fire & Rescue]","$$SubServices.NAME[Fire & Rescue]","$$SubServices.NAME[Fire & Rescue]","$$SubServices.NAME[Fire & Rescue]","$$SubServices.NAME[Fire & Rescue]","$$SubServices.NAME[Fire & Rescue]","$$SubServices.NAME[Fire & Rescue]","$$SubServices.NAME[Fire & Rescue]","$$SubServices.NAME[Fire & Rescue]","$$SubServices.NAME[Fire & Rescue]","$$SubServices.NAME[Fire & Rescue]"
"InfomodeTitleEmployeesDisasterControl","$$SubServices.NAME[DisasterControl]","$$SubServices.NAME[DisasterControl]","$$SubServices.NAME[DisasterControl]","$$SubServices.NAME[DisasterControl]","$$SubServices.NAME[DisasterControl]","$$SubServices.NAME[DisasterControl]","$$SubServices.NAME[DisasterControl]","$$SubServices.NAME[DisasterControl]","$$SubServices.NAME[DisasterControl]","$$SubServices.NAME[DisasterControl]","$$SubServices.NAME[DisasterControl]","$$SubServices.NAME[DisasterControl]"
"InfomodeTitleEmployeesPolice","$$SubServices.NAME[Police]","$$SubServices.NAME[Police]","$$SubServices.NAME[Police]","$$SubServices.NAME[Police]","$$SubServices.NAME[Police]","$$SubServices.NAME[Police]","$$SubServices.NAME[Police]","$$SubServices.NAME[Police]","$$SubServices.NAME[Police]","$$SubServices.NAME[Police]","$$SubServices.NAME[Police]","$$SubServices.NAME[Police]"
"InfomodeTitleEmployeesAdministration","$$SubServices.NAME[Administration]","$$SubServices.NAME[Administration]","$$SubServices.NAME[Administration]","$$SubServices.NAME[Administration]","$$SubServices.NAME[Administration]","$$SubServices.NAME[Administration]","$$SubServices.NAME[Administration]","$$SubServices.NAME[Administration]","$$SubServices.NAME[Administration]","$$SubServices.NAME[Administration]","$$SubServices.NAME[Administration]","$$SubServices.NAME[Administration]"
"InfomodeTitleEmployeesTransportation","$$Services.NAME[Transportation]","$$Services.NAME[Transportation]","$$Services.NAME[Transportation]","$$Services.NAME[Transportation]","$$Services.NAME[Transportation]","$$Services.NAME[Transportation]","$$Services.NAME[Transportation]","$$Services.NAME[Transportation]","$$Services.NAME[Transportation]","$$Services.NAME[Transportation]","$$Services.NAME[Transportation]","$$Services.NAME[Transportation]"
"InfomodeTitleEmployeesParkMaintenance","Park Maintenance","Parkpflege","Mantenimiento de parques","Entretien des parcs","Manutenzione parchi","公園の整備","공원 관리","Zarząd parku","Manutenção de parques","Обслуживание парков","公园维护","公園維護"
"InfomodeTitleEmployeesParksRecreation","$$SubServices.NAME[Parks & Recreation]","$$SubServices.NAME[Parks & Recreation]","$$SubServices.NAME[Parks & Recreation]","$$SubServices.NAME[Parks & Recreation]","$$SubServices.NAME[Parks & Recreation]","$$SubServices.NAME[Parks & Recreation]","$$SubServices.NAME[Parks & Recreation]","$$SubServices.NAME[Parks & Recreation]","$$SubServices.NAME[Parks & Recreation]","$$SubServices.NAME[Parks & Recreation]","$$SubServices.NAME[Parks & Recreation]","$$SubServices.NAME[Parks & Recreation]"
"InfomodeTitleEmployeesPost","$$SubServices.NAME[CommunicationsPost]","$$SubServices.NAME[CommunicationsPost]","$$SubServices.NAME[CommunicationsPost]","$$SubServices.NAME[CommunicationsPost]","$$SubServices.NAME[CommunicationsPost]","$$SubServices.NAME[CommunicationsPost]","$$SubServices.NAME[CommunicationsPost]","$$SubServices.NAME[CommunicationsPost]","$$SubServices.NAME[CommunicationsPost]","$$SubServices.NAME[CommunicationsPost]","$$SubServices.NAME[CommunicationsPost]","$$SubServices.NAME[CommunicationsPost]"
"InfomodeTitleEmployeesTelecom","$$SubServices.NAME[CommunicationsTelecom]","$$SubServices.NAME[CommunicationsTelecom]","$$SubServices.NAME[CommunicationsTelecom]","$$SubServices.NAME[CommunicationsTelecom]","$$SubServices.NAME[CommunicationsTelecom]","$$SubServices.NAME[CommunicationsTelecom]","$$SubServices.NAME[CommunicationsTelecom]","$$SubServices.NAME[CommunicationsTelecom]","$$SubServices.NAME[CommunicationsTelecom]","$$SubServices.NAME[CommunicationsTelecom]","$$SubServices.NAME[CommunicationsTelecom]","$$SubServices.NAME[CommunicationsTelecom]"
,,,,,,,,,,,,
"InfomodeTitleVisitorsHealthcare","@@InfomodeTitleEmployeesHealthcare","@@InfomodeTitleEmployeesHealthcare","@@InfomodeTitleEmployeesHealthcare","@@InfomodeTitleEmployeesHealthcare","@@InfomodeTitleEmployeesHealthcare","@@InfomodeTitleEmployeesHealthcare","@@InfomodeTitleEmployeesHealthcare","@@InfomodeTitleEmployeesHealthcare","@@InfomodeTitleEmployeesHealthcare","@@InfomodeTitleEmployeesHealthcare","@@InfomodeTitleEmployeesHealthcare","@@InfomodeTitleEmployeesHealthcare"
"InfomodeTitleVisitorsCemetery","$$Tutorials.TITLE[DeathcareTutorialCemetery]","$$Tutorials.TITLE[DeathcareTutorialCemetery]","$$Tutorials.TITLE[DeathcareTutorialCemetery]","$$Tutorials.TITLE[DeathcareTutorialCemetery]","$$Tutorials.TITLE[DeathcareTutorialCemetery]","$$Tutorials.TITLE[DeathcareTutorialCemetery]","$$Tutorials.TITLE[DeathcareTutorialCemetery]","$$Tutorials.TITLE[DeathcareTutorialCemetery]","$$Tutorials.TITLE[DeathcareTutorialCemetery]","$$Tutorials.TITLE[DeathcareTutorialCemetery]","$$Tutorials.TITLE[DeathcareTutorialCemetery]","$$Tutorials.TITLE[DeathcareTutorialCemetery]"
"InfomodeTitleVisitorsCrematorium","$$Progression.NODE_NAME[CrematoriumNode]","$$Progression.NODE_NAME[CrematoriumNode]","$$Progression.NODE_NAME[CrematoriumNode]","$$Progression.NODE_NAME[CrematoriumNode]","$$Progression.NODE_NAME[CrematoriumNode]","$$Progression.NODE_NAME[CrematoriumNode]","$$Progression.NODE_NAME[CrematoriumNode]","$$Progression.NODE_NAME[CrematoriumNode]","$$Progression.NODE_NAME[CrematoriumNode]","$$Progression.NODE_NAME[CrematoriumNode]","$$Progression.NODE_NAME[CrematoriumNode]","$$Progression.NODE_NAME[CrematoriumNode]"
"InfomodeTitleVisitorsElementarySchool","$$SelectedInfoPanel.EDUCATION_LEVELS[Elementary]","$$SelectedInfoPanel.EDUCATION_LEVELS[Elementary]","$$SelectedInfoPanel.EDUCATION_LEVELS[Elementary]","$$SelectedInfoPanel.EDUCATION_LEVELS[Elementary]","$$SelectedInfoPanel.EDUCATION_LEVELS[Elementary]","$$SelectedInfoPanel.EDUCATION_LEVELS[Elementary]","$$SelectedInfoPanel.EDUCATION_LEVELS[Elementary]","$$SelectedInfoPanel.EDUCATION_LEVELS[Elementary]","$$SelectedInfoPanel.EDUCATION_LEVELS[Elementary]","$$SelectedInfoPanel.EDUCATION_LEVELS[Elementary]","$$SelectedInfoPanel.EDUCATION_LEVELS[Elementary]","$$SelectedInfoPanel.EDUCATION_LEVELS[Elementary]"
"InfomodeTitleVisitorsHighSchool","$$SelectedInfoPanel.EDUCATION_LEVELS[HighSchool]","$$SelectedInfoPanel.EDUCATION_LEVELS[HighSchool]","$$SelectedInfoPanel.EDUCATION_LEVELS[HighSchool]","$$SelectedInfoPanel.EDUCATION_LEVELS[HighSchool]","$$SelectedInfoPanel.EDUCATION_LEVELS[HighSchool]","$$SelectedInfoPanel.EDUCATION_LEVELS[HighSchool]","$$SelectedInfoPanel.EDUCATION_LEVELS[HighSchool]","$$SelectedInfoPanel.EDUCATION_LEVELS[HighSchool]","$$SelectedInfoPanel.EDUCATION_LEVELS[HighSchool]","$$SelectedInfoPanel.EDUCATION_LEVELS[HighSchool]","$$SelectedInfoPanel.EDUCATION_LEVELS[HighSchool]","$$SelectedInfoPanel.EDUCATION_LEVELS[HighSchool]"
"InfomodeTitleVisitorsCollege","$$SelectedInfoPanel.EDUCATION_LEVELS[College]","$$SelectedInfoPanel.EDUCATION_LEVELS[College]","$$SelectedInfoPanel.EDUCATION_LEVELS[College]","$$SelectedInfoPanel.EDUCATION_LEVELS[College]","$$SelectedInfoPanel.EDUCATION_LEVELS[College]","$$SelectedInfoPanel.EDUCATION_LEVELS[College]","$$SelectedInfoPanel.EDUCATION_LEVELS[College]","$$SelectedInfoPanel.EDUCATION_LEVELS[College]","$$SelectedInfoPanel.EDUCATION_LEVELS[College]","$$SelectedInfoPanel.EDUCATION_LEVELS[College]","$$SelectedInfoPanel.EDUCATION_LEVELS[College]","$$SelectedInfoPanel.EDUCATION_LEVELS[College]"
"InfomodeTitleVisitorsUniversity","$$SelectedInfoPanel.EDUCATION_LEVELS[University]","$$SelectedInfoPanel.EDUCATION_LEVELS[University]","$$SelectedInfoPanel.EDUCATION_LEVELS[University]","$$SelectedInfoPanel.EDUCATION_LEVELS[University]","$$SelectedInfoPanel.EDUCATION_LEVELS[University]","$$SelectedInfoPanel.EDUCATION_LEVELS[University]","$$SelectedInfoPanel.EDUCATION_LEVELS[University]","$$SelectedInfoPanel.EDUCATION_LEVELS[University]","$$SelectedInfoPanel.EDUCATION_LEVELS[University]","$$SelectedInfoPanel.EDUCATION_LEVELS[University]","$$SelectedInfoPanel.EDUCATION_LEVELS[University]","$$SelectedInfoPanel.EDUCATION_LEVELS[University]"
"InfomodeTitleVisitorsEmergencyShelter","$$SelectedInfoPanel.SHELTER_TITLE","$$SelectedInfoPanel.SHELTER_TITLE","$$SelectedInfoPanel.SHELTER_TITLE","$$SelectedInfoPanel.SHELTER_TITLE","$$SelectedInfoPanel.SHELTER_TITLE","$$SelectedInfoPanel.SHELTER_TITLE","$$SelectedInfoPanel.SHELTER_TITLE","$$SelectedInfoPanel.SHELTER_TITLE","$$SelectedInfoPanel.SHELTER_TITLE","$$SelectedInfoPanel.SHELTER_TITLE","$$SelectedInfoPanel.SHELTER_TITLE","$$SelectedInfoPanel.SHELTER_TITLE"
"InfomodeTitleVisitorsPoliceStation","Police Station","Polizeistation","Estación de policía","Poste de police","Stazione di Polizia","警察署","경찰서","Posterunek policji","Delegacia de polícia","Полицейский участок","警察局","警察局"
"InfomodeTitleVisitorsPrison","$$SelectedInfoPanel.PRISON_TITLE","$$SelectedInfoPanel.PRISON_TITLE","$$SelectedInfoPanel.PRISON_TITLE","$$SelectedInfoPanel.PRISON_TITLE","$$SelectedInfoPanel.PRISON_TITLE","$$SelectedInfoPanel.PRISON_TITLE","$$SelectedInfoPanel.PRISON_TITLE","$$SelectedInfoPanel.PRISON_TITLE","$$SelectedInfoPanel.PRISON_TITLE","$$SelectedInfoPanel.PRISON_TITLE","$$SelectedInfoPanel.PRISON_TITLE","$$SelectedInfoPanel.PRISON_TITLE"
,,,,,,,,,,,,
"InfomodeTitleStorageCommercial","@@InfomodeTitleEmployeesCommercial","@@InfomodeTitleEmployeesCommercial","@@InfomodeTitleEmployeesCommercial","@@InfomodeTitleEmployeesCommercial","@@InfomodeTitleEmployeesCommercial","@@InfomodeTitleEmployeesCommercial","@@InfomodeTitleEmployeesCommercial","@@InfomodeTitleEmployeesCommercial","@@InfomodeTitleEmployeesCommercial","@@InfomodeTitleEmployeesCommercial","@@InfomodeTitleEmployeesCommercial","@@InfomodeTitleEmployeesCommercial"
"InfomodeTitleStorageExtractor","@@InfomodeTitleEmployeesExtractor","@@InfomodeTitleEmployeesExtractor","@@InfomodeTitleEmployeesExtractor","@@InfomodeTitleEmployeesExtractor","@@InfomodeTitleEmployeesExtractor","@@InfomodeTitleEmployeesExtractor","@@InfomodeTitleEmployeesExtractor","@@InfomodeTitleEmployeesExtractor","@@InfomodeTitleEmployeesExtractor","@@InfomodeTitleEmployeesExtractor","@@InfomodeTitleEmployeesExtractor","@@InfomodeTitleEmployeesExtractor"
"InfomodeTitleStorageIndustrial","@@InfomodeTitleEmployeesIndustrial","@@InfomodeTitleEmployeesIndustrial","@@InfomodeTitleEmployeesIndustrial","@@InfomodeTitleEmployeesIndustrial","@@InfomodeTitleEmployeesIndustrial","@@InfomodeTitleEmployeesIndustrial","@@InfomodeTitleEmployeesIndustrial","@@InfomodeTitleEmployeesIndustrial","@@InfomodeTitleEmployeesIndustrial","@@InfomodeTitleEmployeesIndustrial","@@InfomodeTitleEmployeesIndustrial","@@InfomodeTitleEmployeesIndustrial"
"InfomodeTitleStorageWarehouse","$$SelectedInfoPanel.INDUSTRIAL_TYPE[Storage]","$$SelectedInfoPanel.INDUSTRIAL_TYPE[Storage]","$$SelectedInfoPanel.INDUSTRIAL_TYPE[Storage]","$$SelectedInfoPanel.INDUSTRIAL_TYPE[Storage]","$$SelectedInfoPanel.INDUSTRIAL_TYPE[Storage]","$$SelectedInfoPanel.INDUSTRIAL_TYPE[Storage]","$$SelectedInfoPanel.INDUSTRIAL_TYPE[Storage]","$$SelectedInfoPanel.INDUSTRIAL_TYPE[Storage]","$$SelectedInfoPanel.INDUSTRIAL_TYPE[Storage]","$$SelectedInfoPanel.INDUSTRIAL_TYPE[Storage]","$$SelectedInfoPanel.INDUSTRIAL_TYPE[Storage]","$$SelectedInfoPanel.INDUSTRIAL_TYPE[Storage]"
"InfomodeTitleStorageOffice","@@InfomodeTitleEmployeesOffice","@@InfomodeTitleEmployeesOffice","@@InfomodeTitleEmployeesOffice","@@InfomodeTitleEmployeesOffice","@@InfomodeTitleEmployeesOffice","@@InfomodeTitleEmployeesOffice","@@InfomodeTitleEmployeesOffice","@@InfomodeTitleEmployeesOffice","@@InfomodeTitleEmployeesOffice","@@InfomodeTitleEmployeesOffice","@@InfomodeTitleEmployeesOffice","@@InfomodeTitleEmployeesOffice"
"InfomodeTitleStorageBatteryCharge","$$ElectricityInfoPanel.BATTERY_CHARGE","$$ElectricityInfoPanel.BATTERY_CHARGE","$$ElectricityInfoPanel.BATTERY_CHARGE","$$ElectricityInfoPanel.BATTERY_CHARGE","$$ElectricityInfoPanel.BATTERY_CHARGE","$$ElectricityInfoPanel.BATTERY_CHARGE","$$ElectricityInfoPanel.BATTERY_CHARGE","$$ElectricityInfoPanel.BATTERY_CHARGE","$$ElectricityInfoPanel.BATTERY_CHARGE","$$ElectricityInfoPanel.BATTERY_CHARGE","$$ElectricityInfoPanel.BATTERY_CHARGE","$$ElectricityInfoPanel.BATTERY_CHARGE"
"InfomodeTitleStoragePowerPlantFuel","Power Plant Fuel","Kraftwerksbrennstoff","Combustible de la planta de energía","Combustible pour centrale électrique","Combustibile per centrale elettrica","発電所燃料","발전소 연료","Paliwo do elektrowni","Combustível para usinas de energia","Топливо для электростанций","发电厂燃料","電廠燃料"
"InfomodeTitleStorageHealthcare","@@InfomodeTitleEmployeesHealthcare","@@InfomodeTitleEmployeesHealthcare","@@InfomodeTitleEmployeesHealthcare","@@InfomodeTitleEmployeesHealthcare","@@InfomodeTitleEmployeesHealthcare","@@InfomodeTitleEmployeesHealthcare","@@InfomodeTitleEmployeesHealthcare","@@InfomodeTitleEmployeesHealthcare","@@InfomodeTitleEmployeesHealthcare","@@InfomodeTitleEmployeesHealthcare","@@InfomodeTitleEmployeesHealthcare","@@InfomodeTitleEmployeesHealthcare"
"InfomodeTitleStorageLandfill","$$Tutorials.TITLE[GarbageTutorialIntroLandfill]","$$Tutorials.TITLE[GarbageTutorialIntroLandfill]","$$Tutorials.TITLE[GarbageTutorialIntroLandfill]","$$Tutorials.TITLE[GarbageTutorialIntroLandfill]","$$Tutorials.TITLE[GarbageTutorialIntroLandfill]","$$Tutorials.TITLE[GarbageTutorialIntroLandfill]","$$Tutorials.TITLE[GarbageTutorialIntroLandfill]","$$Tutorials.TITLE[GarbageTutorialIntroLandfill]","$$Tutorials.TITLE[GarbageTutorialIntroLandfill]","$$Tutorials.TITLE[GarbageTutorialIntroLandfill]","$$Tutorials.TITLE[GarbageTutorialIntroLandfill]","$$Tutorials.TITLE[GarbageTutorialIntroLandfill]"
"InfomodeTitleStorageGarbageManagement","@@InfomodeTitleEmployeesGarbageManagement","@@InfomodeTitleEmployeesGarbageManagement","@@InfomodeTitleEmployeesGarbageManagement","@@InfomodeTitleEmployeesGarbageManagement","@@InfomodeTitleEmployeesGarbageManagement","@@InfomodeTitleEmployeesGarbageManagement","@@InfomodeTitleEmployeesGarbageManagement","@@InfomodeTitleEmployeesGarbageManagement","@@InfomodeTitleEmployeesGarbageManagement","@@InfomodeTitleEmployeesGarbageManagement","@@InfomodeTitleEmployeesGarbageManagement","@@InfomodeTitleEmployeesGarbageManagement"
"InfomodeTitleStorageEmergencyShelter","@@InfomodeTitleVisitorsEmergencyShelter","@@InfomodeTitleVisitorsEmergencyShelter","@@InfomodeTitleVisitorsEmergencyShelter","@@InfomodeTitleVisitorsEmergencyShelter","@@InfomodeTitleVisitorsEmergencyShelter","@@InfomodeTitleVisitorsEmergencyShelter","@@InfomodeTitleVisitorsEmergencyShelter","@@InfomodeTitleVisitorsEmergencyShelter","@@InfomodeTitleVisitorsEmergencyShelter","@@InfomodeTitleVisitorsEmergencyShelter","@@InfomodeTitleVisitorsEmergencyShelter","@@InfomodeTitleVisitorsEmergencyShelter"
"InfomodeTitleStorageCargoTransportation","$$Tutorials.TITLE[PublicTransportationTutorialCargo]","$$Tutorials.TITLE[PublicTransportationTutorialCargo]","$$Tutorials.TITLE[PublicTransportationTutorialCargo]","$$Tutorials.TITLE[PublicTransportationTutorialCargo]","$$Tutorials.TITLE[PublicTransportationTutorialCargo]","$$Tutorials.TITLE[PublicTransportationTutorialCargo]","$$Tutorials.TITLE[PublicTransportationTutorialCargo]","$$Tutorials.TITLE[PublicTransportationTutorialCargo]","$$Tutorials.TITLE[PublicTransportationTutorialCargo]","$$Tutorials.TITLE[PublicTransportationTutorialCargo]","$$Tutorials.TITLE[PublicTransportationTutorialCargo]","$$Tutorials.TITLE[PublicTransportationTutorialCargo]"
"InfomodeTitleStoragePost","@@InfomodeTitleEmployeesPost","@@InfomodeTitleEmployeesPost","@@InfomodeTitleEmployeesPost","@@InfomodeTitleEmployeesPost","@@InfomodeTitleEmployeesPost","@@InfomodeTitleEmployeesPost","@@InfomodeTitleEmployeesPost","@@InfomodeTitleEmployeesPost","@@InfomodeTitleEmployeesPost","@@InfomodeTitleEmployeesPost","@@InfomodeTitleEmployeesPost","@@InfomodeTitleEmployeesPost"
"InfomodeTitleStorageMailbox","Mailbox","Briefkasten","Buzón","Boîte aux lettres","Cassetta postale","メールボックス","사서함","Skrzynka pocztowa","Caixa de correio","Почтовый ящик","信箱","信箱"
,,,,,,,,,,,,
"InfomodeTitleVehiclesResidentialCar","Residential Car","Auto für Wohnzwecke","Coche residencial","Voiture résidentielle","Auto residenziale","住宅用車","주거용 자동차","Samochód do użytku domowego","Carro Residencial","Автомобиль для жилого дома","住宅车","住宅車"
"InfomodeTitleVehiclesCommercialTruck","Commercial Truck","Nutzfahrzeug","Camión comercial","Camion commercial","Camion commerciale","商用トラック","상업용 트럭","Samochód ciężarowy komercyjny","Caminhão Comercial","Коммерческий грузовик","商用卡车","商用卡車"
"InfomodeTitleVehiclesExtractorTruck","Extractor Truck","Spezial-Industriefahrzeug","Camión extractor","Camion d'extraction","Camion estrattore","抽出用トラック","추출용 트럭","Specjalistyczny pojazd przemysłowy","Caminhão extrator","Грузовик-экстрактор","专用工业车辆","專用工業車輛"
"InfomodeTitleVehiclesIndustrialTruck","Industrial Truck","Industriefahrzeug","Camión industrial","Camion industriel","Veicolo industriale","産業用トラッ","산업용 트럭","Ciężarówka przemysłowy","Caminhão Industrial","Промышленный грузовик","工业卡车","工業卡車"
"InfomodeTitleVehiclesWarehouseTruck","Warehouse Truck","Lagerfahrzeug","Camión de almacén","Camion d'entrepôt","Camion da magazzino","倉庫用トラック","창고용 트럭","Ciężarówka magazynowa","Caminhão de armazém","Складской грузовик","仓储车辆","倉庫車"
"InfomodeTitleVehiclesOfficeTruck","Office Truck","Bürofahrzeug","Camión de oficina","Camion de bureau","Camion per ufficio","オフィス用トラッ","사무실용 트럭","Samochód ciężarowy biurowy","Caminhão de Escritório","Офисный грузовик","办公卡车","辦公卡車"
"InfomodeTitleVehiclesParkedCar","Parked Car At Facility","Geparktes Auto auf dem Gelände","Coche aparcado en las instalaciones","Voiture garée dans l'établissement","Auto parcheggiata presso la struttura","施設に駐車された車","시설에 주차된 차량","Zaparkowany samochód na terenie obiektu","Carro estacionado na instalação","Припаркованный автомобиль на территории объекта","车辆停放在设施内","停放在設施內的汽車"
"InfomodeTitleVehiclesParkedBike","Parked Bicycle At Facility","Geparktes Fahrrad auf dem Gelände","Bicicleta aparcada en las instalaciones","Vélo garé dans l'établissement","Bicicletta parcheggiata presso la struttura","施設に駐輪された自転車","시설에 주차된 자전거","Zaparkowany rower na terenie obiektu","Bicicleta estacionada na instalação","Припаркованный велосипед на территории объекта","自行车停放在设施内","停放在設施內的自行車"
"InfomodeTitleVehiclesParkedOther","Parked Vehicle At Other","Geparktes Fahrzeug an einem anderen Ort","Vehículo aparcado en otro lugar","Véhicule garé ailleurs","Veicolo parcheggiato altrove","その他の場所に駐車された車両","다른 장소에 주차된 차량","Zaparkowany pojazd w innym miejscu","Veículo estacionado em outro local","Припаркованное транспортное средство в другом месте","车辆停放在其他地点","停放在其他地方的車輛"
"InfomodeTitleVehiclesRoadMaintenance","@@InfomodeTitleEmployeesRoadMaintenance","@@InfomodeTitleEmployeesRoadMaintenance","@@InfomodeTitleEmployeesRoadMaintenance","@@InfomodeTitleEmployeesRoadMaintenance","@@InfomodeTitleEmployeesRoadMaintenance","@@InfomodeTitleEmployeesRoadMaintenance","@@InfomodeTitleEmployeesRoadMaintenance","@@InfomodeTitleEmployeesRoadMaintenance","@@InfomodeTitleEmployeesRoadMaintenance","@@InfomodeTitleEmployeesRoadMaintenance","@@InfomodeTitleEmployeesRoadMaintenance","@@InfomodeTitleEmployeesRoadMaintenance"
"InfomodeTitleVehiclesAmbulance","$$SelectedInfoPanel.HEALTHCARE_VEHICLE_TITLE[Ambulance]","$$SelectedInfoPanel.HEALTHCARE_VEHICLE_TITLE[Ambulance]","$$SelectedInfoPanel.HEALTHCARE_VEHICLE_TITLE[Ambulance]","$$SelectedInfoPanel.HEALTHCARE_VEHICLE_TITLE[Ambulance]","$$SelectedInfoPanel.HEALTHCARE_VEHICLE_TITLE[Ambulance]","$$SelectedInfoPanel.HEALTHCARE_VEHICLE_TITLE[Ambulance]","$$SelectedInfoPanel.HEALTHCARE_VEHICLE_TITLE[Ambulance]","$$SelectedInfoPanel.HEALTHCARE_VEHICLE_TITLE[Ambulance]","$$SelectedInfoPanel.HEALTHCARE_VEHICLE_TITLE[Ambulance]","$$SelectedInfoPanel.HEALTHCARE_VEHICLE_TITLE[Ambulance]","$$SelectedInfoPanel.HEALTHCARE_VEHICLE_TITLE[Ambulance]","$$SelectedInfoPanel.HEALTHCARE_VEHICLE_TITLE[Ambulance]"
"InfomodeTitleVehiclesMedicalHelicopter","$$SelectedInfoPanel.HEALTHCARE_VEHICLE_TITLE[MedicalHelicopter]","$$SelectedInfoPanel.HEALTHCARE_VEHICLE_TITLE[MedicalHelicopter]","$$SelectedInfoPanel.HEALTHCARE_VEHICLE_TITLE[MedicalHelicopter]","$$SelectedInfoPanel.HEALTHCARE_VEHICLE_TITLE[MedicalHelicopter]","$$SelectedInfoPanel.HEALTHCARE_VEHICLE_TITLE[MedicalHelicopter]","$$SelectedInfoPanel.HEALTHCARE_VEHICLE_TITLE[MedicalHelicopter]","$$SelectedInfoPanel.HEALTHCARE_VEHICLE_TITLE[MedicalHelicopter]","$$SelectedInfoPanel.HEALTHCARE_VEHICLE_TITLE[MedicalHelicopter]","$$SelectedInfoPanel.HEALTHCARE_VEHICLE_TITLE[MedicalHelicopter]","$$SelectedInfoPanel.HEALTHCARE_VEHICLE_TITLE[MedicalHelicopter]","$$SelectedInfoPanel.HEALTHCARE_VEHICLE_TITLE[MedicalHelicopter]","$$SelectedInfoPanel.HEALTHCARE_VEHICLE_TITLE[MedicalHelicopter]"
"InfomodeTitleVehiclesHearse","$$SelectedInfoPanel.DEATHCARE_VEHICLE_TITLE","$$SelectedInfoPanel.DEATHCARE_VEHICLE_TITLE","$$SelectedInfoPanel.DEATHCARE_VEHICLE_TITLE","$$SelectedInfoPanel.DEATHCARE_VEHICLE_TITLE","$$SelectedInfoPanel.DEATHCARE_VEHICLE_TITLE","$$SelectedInfoPanel.DEATHCARE_VEHICLE_TITLE","$$SelectedInfoPanel.DEATHCARE_VEHICLE_TITLE","$$SelectedInfoPanel.DEATHCARE_VEHICLE_TITLE","$$SelectedInfoPanel.DEATHCARE_VEHICLE_TITLE","$$SelectedInfoPanel.DEATHCARE_VEHICLE_TITLE","$$SelectedInfoPanel.DEATHCARE_VEHICLE_TITLE","$$SelectedInfoPanel.DEATHCARE_VEHICLE_TITLE"
"InfomodeTitleVehiclesGarbageTruck","$$SelectedInfoPanel.GARBAGE_VEHICLE_TITLE[GarbageTruck]","$$SelectedInfoPanel.GARBAGE_VEHICLE_TITLE[GarbageTruck]","$$SelectedInfoPanel.GARBAGE_VEHICLE_TITLE[GarbageTruck]","$$SelectedInfoPanel.GARBAGE_VEHICLE_TITLE[GarbageTruck]","$$SelectedInfoPanel.GARBAGE_VEHICLE_TITLE[GarbageTruck]","$$SelectedInfoPanel.GARBAGE_VEHICLE_TITLE[GarbageTruck]","$$SelectedInfoPanel.GARBAGE_VEHICLE_TITLE[GarbageTruck]","$$SelectedInfoPanel.GARBAGE_VEHICLE_TITLE[GarbageTruck]","$$SelectedInfoPanel.GARBAGE_VEHICLE_TITLE[GarbageTruck]","$$SelectedInfoPanel.GARBAGE_VEHICLE_TITLE[GarbageTruck]","$$SelectedInfoPanel.GARBAGE_VEHICLE_TITLE[GarbageTruck]","$$SelectedInfoPanel.GARBAGE_VEHICLE_TITLE[GarbageTruck]"
"InfomodeTitleVehiclesFireEngine","$$SelectedInfoPanel.FIRE_VEHICLE_TITLE[FireEngine]","$$SelectedInfoPanel.FIRE_VEHICLE_TITLE[FireEngine]","$$SelectedInfoPanel.FIRE_VEHICLE_TITLE[FireEngine]","$$SelectedInfoPanel.FIRE_VEHICLE_TITLE[FireEngine]","$$SelectedInfoPanel.FIRE_VEHICLE_TITLE[FireEngine]","$$SelectedInfoPanel.FIRE_VEHICLE_TITLE[FireEngine]","$$SelectedInfoPanel.FIRE_VEHICLE_TITLE[FireEngine]","$$SelectedInfoPanel.FIRE_VEHICLE_TITLE[FireEngine]","$$SelectedInfoPanel.FIRE_VEHICLE_TITLE[FireEngine]","$$SelectedInfoPanel.FIRE_VEHICLE_TITLE[FireEngine]","$$SelectedInfoPanel.FIRE_VEHICLE_TITLE[FireEngine]","$$SelectedInfoPanel.FIRE_VEHICLE_TITLE[FireEngine]"
"InfomodeTitleVehiclesFireHelicopter","$$SelectedInfoPanel.FIRE_VEHICLE_TITLE[FireHelicopter]","$$SelectedInfoPanel.FIRE_VEHICLE_TITLE[FireHelicopter]","$$SelectedInfoPanel.FIRE_VEHICLE_TITLE[FireHelicopter]","$$SelectedInfoPanel.FIRE_VEHICLE_TITLE[FireHelicopter]","$$SelectedInfoPanel.FIRE_VEHICLE_TITLE[FireHelicopter]","$$SelectedInfoPanel.FIRE_VEHICLE_TITLE[FireHelicopter]","$$SelectedInfoPanel.FIRE_VEHICLE_TITLE[FireHelicopter]","$$SelectedInfoPanel.FIRE_VEHICLE_TITLE[FireHelicopter]","$$SelectedInfoPanel.FIRE_VEHICLE_TITLE[FireHelicopter]","$$SelectedInfoPanel.FIRE_VEHICLE_TITLE[FireHelicopter]","$$SelectedInfoPanel.FIRE_VEHICLE_TITLE[FireHelicopter]","$$SelectedInfoPanel.FIRE_VEHICLE_TITLE[FireHelicopter]"
"InfomodeTitleVehiclesDisasterResponse","Disaster Response Unit","Katastrophenschutzeinheit","Unidad de Respuesta a Desastres","Unité d'intervention en cas de catastrophe","Unità di risposta ai disastri","災害対応ユニット","재난 대응 차량","Jednostka Reagowania na Katastrofy","Unidade de Resposta a Desastres","Автомобиль для реагирования на стихийные бедствия","灾难应变单位","救災車"
"InfomodeTitleVehiclesEvacuationBus","$$SelectedInfoPanel.PUBLIC_TRANSPORT_VEHICLE_TITLE[EvacuationBus]","$$SelectedInfoPanel.PUBLIC_TRANSPORT_VEHICLE_TITLE[EvacuationBus]","$$SelectedInfoPanel.PUBLIC_TRANSPORT_VEHICLE_TITLE[EvacuationBus]","$$SelectedInfoPanel.PUBLIC_TRANSPORT_VEHICLE_TITLE[EvacuationBus]","$$SelectedInfoPanel.PUBLIC_TRANSPORT_VEHICLE_TITLE[EvacuationBus]","$$SelectedInfoPanel.PUBLIC_TRANSPORT_VEHICLE_TITLE[EvacuationBus]","$$SelectedInfoPanel.PUBLIC_TRANSPORT_VEHICLE_TITLE[EvacuationBus]","$$SelectedInfoPanel.PUBLIC_TRANSPORT_VEHICLE_TITLE[EvacuationBus]","$$SelectedInfoPanel.PUBLIC_TRANSPORT_VEHICLE_TITLE[EvacuationBus]","$$SelectedInfoPanel.PUBLIC_TRANSPORT_VEHICLE_TITLE[EvacuationBus]","$$SelectedInfoPanel.PUBLIC_TRANSPORT_VEHICLE_TITLE[EvacuationBus]","$$SelectedInfoPanel.PUBLIC_TRANSPORT_VEHICLE_TITLE[EvacuationBus]"
"InfomodeTitleVehiclesPoliceCar","$$SelectedInfoPanel.POLICE_VEHICLE_TITLE[PolicePatrolCar]","$$SelectedInfoPanel.POLICE_VEHICLE_TITLE[PolicePatrolCar]","$$SelectedInfoPanel.POLICE_VEHICLE_TITLE[PolicePatrolCar]","$$SelectedInfoPanel.POLICE_VEHICLE_TITLE[PolicePatrolCar]","$$SelectedInfoPanel.POLICE_VEHICLE_TITLE[PolicePatrolCar]","$$SelectedInfoPanel.POLICE_VEHICLE_TITLE[PolicePatrolCar]","$$SelectedInfoPanel.POLICE_VEHICLE_TITLE[PolicePatrolCar]","$$SelectedInfoPanel.POLICE_VEHICLE_TITLE[PolicePatrolCar]","$$SelectedInfoPanel.POLICE_VEHICLE_TITLE[PolicePatrolCar]","$$SelectedInfoPanel.POLICE_VEHICLE_TITLE[PolicePatrolCar]","$$SelectedInfoPanel.POLICE_VEHICLE_TITLE[PolicePatrolCar]","$$SelectedInfoPanel.POLICE_VEHICLE_TITLE[PolicePatrolCar]"
"InfomodeTitleVehiclesPoliceHelicopter","$$SelectedInfoPanel.POLICE_VEHICLE_TITLE[PoliceHelicopter]","$$SelectedInfoPanel.POLICE_VEHICLE_TITLE[PoliceHelicopter]","$$SelectedInfoPanel.POLICE_VEHICLE_TITLE[PoliceHelicopter]","$$SelectedInfoPanel.POLICE_VEHICLE_TITLE[PoliceHelicopter]","$$SelectedInfoPanel.POLICE_VEHICLE_TITLE[PoliceHelicopter]","$$SelectedInfoPanel.POLICE_VEHICLE_TITLE[PoliceHelicopter]","$$SelectedInfoPanel.POLICE_VEHICLE_TITLE[PoliceHelicopter]","$$SelectedInfoPanel.POLICE_VEHICLE_TITLE[PoliceHelicopter]","$$SelectedInfoPanel.POLICE_VEHICLE_TITLE[PoliceHelicopter]","$$SelectedInfoPanel.POLICE_VEHICLE_TITLE[PoliceHelicopter]","$$SelectedInfoPanel.POLICE_VEHICLE_TITLE[PoliceHelicopter]","$$SelectedInfoPanel.POLICE_VEHICLE_TITLE[PoliceHelicopter]"
"InfomodeTitleVehiclesPrisonVan","$$SelectedInfoPanel.PUBLIC_TRANSPORT_VEHICLE_TITLE[PrisonVan]","$$SelectedInfoPanel.PUBLIC_TRANSPORT_VEHICLE_TITLE[PrisonVan]","$$SelectedInfoPanel.PUBLIC_TRANSPORT_VEHICLE_TITLE[PrisonVan]","$$SelectedInfoPanel.PUBLIC_TRANSPORT_VEHICLE_TITLE[PrisonVan]","$$SelectedInfoPanel.PUBLIC_TRANSPORT_VEHICLE_TITLE[PrisonVan]","$$SelectedInfoPanel.PUBLIC_TRANSPORT_VEHICLE_TITLE[PrisonVan]","$$SelectedInfoPanel.PUBLIC_TRANSPORT_VEHICLE_TITLE[PrisonVan]","$$SelectedInfoPanel.PUBLIC_TRANSPORT_VEHICLE_TITLE[PrisonVan]","$$SelectedInfoPanel.PUBLIC_TRANSPORT_VEHICLE_TITLE[PrisonVan]","$$SelectedInfoPanel.PUBLIC_TRANSPORT_VEHICLE_TITLE[PrisonVan]","$$SelectedInfoPanel.PUBLIC_TRANSPORT_VEHICLE_TITLE[PrisonVan]","$$SelectedInfoPanel.PUBLIC_TRANSPORT_VEHICLE_TITLE[PrisonVan]"
"InfomodeTitleVehiclesTaxi","$$SelectedInfoPanel.PRIVATE_VEHICLE_TITLE[Taxi]","$$SelectedInfoPanel.PRIVATE_VEHICLE_TITLE[Taxi]","$$SelectedInfoPanel.PRIVATE_VEHICLE_TITLE[Taxi]","$$SelectedInfoPanel.PRIVATE_VEHICLE_TITLE[Taxi]","$$SelectedInfoPanel.PRIVATE_VEHICLE_TITLE[Taxi]","$$SelectedInfoPanel.PRIVATE_VEHICLE_TITLE[Taxi]","$$SelectedInfoPanel.PRIVATE_VEHICLE_TITLE[Taxi]","$$SelectedInfoPanel.PRIVATE_VEHICLE_TITLE[Taxi]","$$SelectedInfoPanel.PRIVATE_VEHICLE_TITLE[Taxi]","$$SelectedInfoPanel.PRIVATE_VEHICLE_TITLE[Taxi]","$$SelectedInfoPanel.PRIVATE_VEHICLE_TITLE[Taxi]","$$SelectedInfoPanel.PRIVATE_VEHICLE_TITLE[Taxi]"
"InfomodeTitleVehiclesBus","$$Editor.ASSET_CATEGORY_TITLE[Vehicles/Services/Bus]","$$Editor.ASSET_CATEGORY_TITLE[Vehicles/Services/Bus]","$$Editor.ASSET_CATEGORY_TITLE[Vehicles/Services/Bus]","$$Editor.ASSET_CATEGORY_TITLE[Vehicles/Services/Bus]","$$Editor.ASSET_CATEGORY_TITLE[Vehicles/Services/Bus]","$$Editor.ASSET_CATEGORY_TITLE[Vehicles/Services/Bus]","$$Editor.ASSET_CATEGORY_TITLE[Vehicles/Services/Bus]","$$Editor.ASSET_CATEGORY_TITLE[Vehicles/Services/Bus]","$$Editor.ASSET_CATEGORY_TITLE[Vehicles/Services/Bus]","$$Editor.ASSET_CATEGORY_TITLE[Vehicles/Services/Bus]","$$Editor.ASSET_CATEGORY_TITLE[Vehicles/Services/Bus]","$$Editor.ASSET_CATEGORY_TITLE[Vehicles/Services/Bus]"
"InfomodeTitleVehiclesTrain","$$SubServices.NAME[TransportationTrain]","$$SubServices.NAME[TransportationTrain]","$$SubServices.NAME[TransportationTrain]","$$SubServices.NAME[TransportationTrain]","$$SubServices.NAME[TransportationTrain]","$$SubServices.NAME[TransportationTrain]","$$SubServices.NAME[TransportationTrain]","$$SubServices.NAME[TransportationTrain]","$$SubServices.NAME[TransportationTrain]","$$SubServices.NAME[TransportationTrain]","$$SubServices.NAME[TransportationTrain]","$$SubServices.NAME[TransportationTrain]"
"InfomodeTitleVehiclesTram","$$SubServices.NAME[TransportationTram]","$$SubServices.NAME[TransportationTram]","$$SubServices.NAME[TransportationTram]","$$SubServices.NAME[TransportationTram]","$$SubServices.NAME[TransportationTram]","$$SubServices.NAME[TransportationTram]","$$SubServices.NAME[TransportationTram]","$$SubServices.NAME[TransportationTram]","$$SubServices.NAME[TransportationTram]","$$SubServices.NAME[TransportationTram]","$$SubServices.NAME[TransportationTram]","$$SubServices.NAME[TransportationTram]"
"InfomodeTitleVehiclesSubway","$$SubServices.NAME[TransportationSubway]","$$SubServices.NAME[TransportationSubway]","$$SubServices.NAME[TransportationSubway]","$$SubServices.NAME[TransportationSubway]","$$SubServices.NAME[TransportationSubway]","$$SubServices.NAME[TransportationSubway]","$$SubServices.NAME[TransportationSubway]","$$SubServices.NAME[TransportationSubway]","$$SubServices.NAME[TransportationSubway]","$$SubServices.NAME[TransportationSubway]","$$SubServices.NAME[TransportationSubway]","$$SubServices.NAME[TransportationSubway]"
"InfomodeTitleVehiclesFerry","$$SubServices.NAME[TransportationFerry]","$$SubServices.NAME[TransportationFerry]","$$SubServices.NAME[TransportationFerry]","$$SubServices.NAME[TransportationFerry]","$$SubServices.NAME[TransportationFerry]","$$SubServices.NAME[TransportationFerry]","$$SubServices.NAME[TransportationFerry]","$$SubServices.NAME[TransportationFerry]","$$SubServices.NAME[TransportationFerry]","$$SubServices.NAME[TransportationFerry]","$$SubServices.NAME[TransportationFerry]","$$SubServices.NAME[TransportationFerry]"
"InfomodeTitleVehiclesParkMaintenance","@@InfomodeTitleEmployeesParkMaintenance","@@InfomodeTitleEmployeesParkMaintenance","@@InfomodeTitleEmployeesParkMaintenance","@@InfomodeTitleEmployeesParkMaintenance","@@InfomodeTitleEmployeesParkMaintenance","@@InfomodeTitleEmployeesParkMaintenance","@@InfomodeTitleEmployeesParkMaintenance","@@InfomodeTitleEmployeesParkMaintenance","@@InfomodeTitleEmployeesParkMaintenance","@@InfomodeTitleEmployeesParkMaintenance","@@InfomodeTitleEmployeesParkMaintenance","@@InfomodeTitleEmployeesParkMaintenance"
"InfomodeTitleVehiclesPost","@@InfomodeTitleEmployeesPost","@@InfomodeTitleEmployeesPost","@@InfomodeTitleEmployeesPost","@@InfomodeTitleEmployeesPost","@@InfomodeTitleEmployeesPost","@@InfomodeTitleEmployeesPost","@@InfomodeTitleEmployeesPost","@@InfomodeTitleEmployeesPost","@@InfomodeTitleEmployeesPost","@@InfomodeTitleEmployeesPost","@@InfomodeTitleEmployeesPost","@@InfomodeTitleEmployeesPost"
"InfomodeTitleVehiclesCargoStationTruck","Cargo Station Truck","Frachtstations-LKW","Camión de estación de carga","Camion de la station de fret","Camion della stazione di carico","貨物ステーショントラック","화물 스테이션 트럭","Ciężarówka stacji ładunkowej","Estação de carga de caminhão","Грузовая станция Грузовик","货运站卡车","貨運站卡車"
,,,,,,,,,,,,
"InfomodeTitleEfficiencyResidential","@@InfomodeTitleEmployeesResidential","@@InfomodeTitleEmployeesResidential","@@InfomodeTitleEmployeesResidential","@@InfomodeTitleEmployeesResidential","@@InfomodeTitleEmployeesResidential","@@InfomodeTitleEmployeesResidential","@@InfomodeTitleEmployeesResidential","@@InfomodeTitleEmployeesResidential","@@InfomodeTitleEmployeesResidential","@@InfomodeTitleEmployeesResidential","@@InfomodeTitleEmployeesResidential","@@InfomodeTitleEmployeesResidential"
"InfomodeTitleEfficiencyCommercial","@@InfomodeTitleEmployeesCommercial","@@InfomodeTitleEmployeesCommercial","@@InfomodeTitleEmployeesCommercial","@@InfomodeTitleEmployeesCommercial","@@InfomodeTitleEmployeesCommercial","@@InfomodeTitleEmployeesCommercial","@@InfomodeTitleEmployeesCommercial","@@InfomodeTitleEmployeesCommercial","@@InfomodeTitleEmployeesCommercial","@@InfomodeTitleEmployeesCommercial","@@InfomodeTitleEmployeesCommercial","@@InfomodeTitleEmployeesCommercial"
"InfomodeTitleEfficiencyExtractor","@@InfomodeTitleEmployeesExtractor","@@InfomodeTitleEmployeesExtractor","@@InfomodeTitleEmployeesExtractor","@@InfomodeTitleEmployeesExtractor","@@InfomodeTitleEmployeesExtractor","@@InfomodeTitleEmployeesExtractor","@@InfomodeTitleEmployeesExtractor","@@InfomodeTitleEmployeesExtractor","@@InfomodeTitleEmployeesExtractor","@@InfomodeTitleEmployeesExtractor","@@InfomodeTitleEmployeesExtractor","@@InfomodeTitleEmployeesExtractor"
"InfomodeTitleEfficiencyIndustrial","@@InfomodeTitleEmployeesIndustrial","@@InfomodeTitleEmployeesIndustrial","@@InfomodeTitleEmployeesIndustrial","@@InfomodeTitleEmployeesIndustrial","@@InfomodeTitleEmployeesIndustrial","@@InfomodeTitleEmployeesIndustrial","@@InfomodeTitleEmployeesIndustrial","@@InfomodeTitleEmployeesIndustrial","@@InfomodeTitleEmployeesIndustrial","@@InfomodeTitleEmployeesIndustrial","@@InfomodeTitleEmployeesIndustrial","@@InfomodeTitleEmployeesIndustrial"
"InfomodeTitleEfficiencyOffice","@@InfomodeTitleEmployeesOffice","@@InfomodeTitleEmployeesOffice","@@InfomodeTitleEmployeesOffice","@@InfomodeTitleEmployeesOffice","@@InfomodeTitleEmployeesOffice","@@InfomodeTitleEmployeesOffice","@@InfomodeTitleEmployeesOffice","@@InfomodeTitleEmployeesOffice","@@InfomodeTitleEmployeesOffice","@@InfomodeTitleEmployeesOffice","@@InfomodeTitleEmployeesOffice","@@InfomodeTitleEmployeesOffice"
"InfomodeTitleEfficiencyParking","@@InfomodeTitleEmployeesParking","@@InfomodeTitleEmployeesParking","@@InfomodeTitleEmployeesParking","@@InfomodeTitleEmployeesParking","@@InfomodeTitleEmployeesParking","@@InfomodeTitleEmployeesParking","@@InfomodeTitleEmployeesParking","@@InfomodeTitleEmployeesParking","@@InfomodeTitleEmployeesParking","@@InfomodeTitleEmployeesParking","@@InfomodeTitleEmployeesParking","@@InfomodeTitleEmployeesParking"
"InfomodeTitleEfficiencyRoadMaintenance","@@InfomodeTitleEmployeesRoadMaintenance","@@InfomodeTitleEmployeesRoadMaintenance","@@InfomodeTitleEmployeesRoadMaintenance","@@InfomodeTitleEmployeesRoadMaintenance","@@InfomodeTitleEmployeesRoadMaintenance","@@InfomodeTitleEmployeesRoadMaintenance","@@InfomodeTitleEmployeesRoadMaintenance","@@InfomodeTitleEmployeesRoadMaintenance","@@InfomodeTitleEmployeesRoadMaintenance","@@InfomodeTitleEmployeesRoadMaintenance","@@InfomodeTitleEmployeesRoadMaintenance","@@InfomodeTitleEmployeesRoadMaintenance"
"InfomodeTitleEfficiencyElectricity","@@InfomodeTitleEmployeesElectricity","@@InfomodeTitleEmployeesElectricity","@@InfomodeTitleEmployeesElectricity","@@InfomodeTitleEmployeesElectricity","@@InfomodeTitleEmployeesElectricity","@@InfomodeTitleEmployeesElectricity","@@InfomodeTitleEmployeesElectricity","@@InfomodeTitleEmployeesElectricity","@@InfomodeTitleEmployeesElectricity","@@InfomodeTitleEmployeesElectricity","@@InfomodeTitleEmployeesElectricity","@@InfomodeTitleEmployeesElectricity"
"InfomodeTitleEfficiencyWater","@@InfomodeTitleEmployeesWater","@@InfomodeTitleEmployeesWater","@@InfomodeTitleEmployeesWater","@@InfomodeTitleEmployeesWater","@@InfomodeTitleEmployeesWater","@@InfomodeTitleEmployeesWater","@@InfomodeTitleEmployeesWater","@@InfomodeTitleEmployeesWater","@@InfomodeTitleEmployeesWater","@@InfomodeTitleEmployeesWater","@@InfomodeTitleEmployeesWater","@@InfomodeTitleEmployeesWater"
"InfomodeTitleEfficiencySewage","@@InfomodeTitleEmployeesSewage","@@InfomodeTitleEmployeesSewage","@@InfomodeTitleEmployeesSewage","@@InfomodeTitleEmployeesSewage","@@InfomodeTitleEmployeesSewage","@@InfomodeTitleEmployeesSewage","@@InfomodeTitleEmployeesSewage","@@InfomodeTitleEmployeesSewage","@@InfomodeTitleEmployeesSewage","@@InfomodeTitleEmployeesSewage","@@InfomodeTitleEmployeesSewage","@@InfomodeTitleEmployeesSewage"
"InfomodeTitleEfficiencyHealthcare","@@InfomodeTitleEmployeesHealthcare","@@InfomodeTitleEmployeesHealthcare","@@InfomodeTitleEmployeesHealthcare","@@InfomodeTitleEmployeesHealthcare","@@InfomodeTitleEmployeesHealthcare","@@InfomodeTitleEmployeesHealthcare","@@InfomodeTitleEmployeesHealthcare","@@InfomodeTitleEmployeesHealthcare","@@InfomodeTitleEmployeesHealthcare","@@InfomodeTitleEmployeesHealthcare","@@InfomodeTitleEmployeesHealthcare","@@InfomodeTitleEmployeesHealthcare"
"InfomodeTitleEfficiencyDeathcare","@@InfomodeTitleEmployeesDeathcare","@@InfomodeTitleEmployeesDeathcare","@@InfomodeTitleEmployeesDeathcare","@@InfomodeTitleEmployeesDeathcare","@@InfomodeTitleEmployeesDeathcare","@@InfomodeTitleEmployeesDeathcare","@@InfomodeTitleEmployeesDeathcare","@@InfomodeTitleEmployeesDeathcare","@@InfomodeTitleEmployeesDeathcare","@@InfomodeTitleEmployeesDeathcare","@@InfomodeTitleEmployeesDeathcare","@@InfomodeTitleEmployeesDeathcare"
"InfomodeTitleEfficiencyGarbageManagement","@@InfomodeTitleEmployeesGarbageManagement","@@InfomodeTitleEmployeesGarbageManagement","@@InfomodeTitleEmployeesGarbageManagement","@@InfomodeTitleEmployeesGarbageManagement","@@InfomodeTitleEmployeesGarbageManagement","@@InfomodeTitleEmployeesGarbageManagement","@@InfomodeTitleEmployeesGarbageManagement","@@InfomodeTitleEmployeesGarbageManagement","@@InfomodeTitleEmployeesGarbageManagement","@@InfomodeTitleEmployeesGarbageManagement","@@InfomodeTitleEmployeesGarbageManagement","@@InfomodeTitleEmployeesGarbageManagement"
"InfomodeTitleEfficiencyEducation","@@InfomodeTitleEmployeesEducation","@@InfomodeTitleEmployeesEducation","@@InfomodeTitleEmployeesEducation","@@InfomodeTitleEmployeesEducation","@@InfomodeTitleEmployeesEducation","@@InfomodeTitleEmployeesEducation","@@InfomodeTitleEmployeesEducation","@@InfomodeTitleEmployeesEducation","@@InfomodeTitleEmployeesEducation","@@InfomodeTitleEmployeesEducation","@@InfomodeTitleEmployeesEducation","@@InfomodeTitleEmployeesEducation"
"InfomodeTitleEfficiencyResearch","@@InfomodeTitleEmployeesResearch","@@InfomodeTitleEmployeesResearch","@@InfomodeTitleEmployeesResearch","@@InfomodeTitleEmployeesResearch","@@InfomodeTitleEmployeesResearch","@@InfomodeTitleEmployeesResearch","@@InfomodeTitleEmployeesResearch","@@InfomodeTitleEmployeesResearch","@@InfomodeTitleEmployeesResearch","@@InfomodeTitleEmployeesResearch","@@InfomodeTitleEmployeesResearch","@@InfomodeTitleEmployeesResearch"
"InfomodeTitleEfficiencyFireRescue","@@InfomodeTitleEmployeesFireRescue","@@InfomodeTitleEmployeesFireRescue","@@InfomodeTitleEmployeesFireRescue","@@InfomodeTitleEmployeesFireRescue","@@InfomodeTitleEmployeesFireRescue","@@InfomodeTitleEmployeesFireRescue","@@InfomodeTitleEmployeesFireRescue","@@InfomodeTitleEmployeesFireRescue","@@InfomodeTitleEmployeesFireRescue","@@InfomodeTitleEmployeesFireRescue","@@InfomodeTitleEmployeesFireRescue","@@InfomodeTitleEmployeesFireRescue"
"InfomodeTitleEfficiencyDisasterControl","@@InfomodeTitleEmployeesDisasterControl","@@InfomodeTitleEmployeesDisasterControl","@@InfomodeTitleEmployeesDisasterControl","@@InfomodeTitleEmployeesDisasterControl","@@InfomodeTitleEmployeesDisasterControl","@@InfomodeTitleEmployeesDisasterControl","@@InfomodeTitleEmployeesDisasterControl","@@InfomodeTitleEmployeesDisasterControl","@@InfomodeTitleEmployeesDisasterControl","@@InfomodeTitleEmployeesDisasterControl","@@InfomodeTitleEmployeesDisasterControl","@@InfomodeTitleEmployeesDisasterControl"
"InfomodeTitleEfficiencyPolice","@@InfomodeTitleEmployeesPolice","@@InfomodeTitleEmployeesPolice","@@InfomodeTitleEmployeesPolice","@@InfomodeTitleEmployeesPolice","@@InfomodeTitleEmployeesPolice","@@InfomodeTitleEmployeesPolice","@@InfomodeTitleEmployeesPolice","@@InfomodeTitleEmployeesPolice","@@InfomodeTitleEmployeesPolice","@@InfomodeTitleEmployeesPolice","@@InfomodeTitleEmployeesPolice","@@InfomodeTitleEmployeesPolice"
"InfomodeTitleEfficiencyAdministration","@@InfomodeTitleEmployeesAdministration","@@InfomodeTitleEmployeesAdministration","@@InfomodeTitleEmployeesAdministration","@@InfomodeTitleEmployeesAdministration","@@InfomodeTitleEmployeesAdministration","@@InfomodeTitleEmployeesAdministration","@@InfomodeTitleEmployeesAdministration","@@InfomodeTitleEmployeesAdministration","@@InfomodeTitleEmployeesAdministration","@@InfomodeTitleEmployeesAdministration","@@InfomodeTitleEmployeesAdministration","@@InfomodeTitleEmployeesAdministration"
"InfomodeTitleEfficiencyTransportation","@@InfomodeTitleEmployeesTransportation","@@InfomodeTitleEmployeesTransportation","@@InfomodeTitleEmployeesTransportation","@@InfomodeTitleEmployeesTransportation","@@InfomodeTitleEmployeesTransportation","@@InfomodeTitleEmployeesTransportation","@@InfomodeTitleEmployeesTransportation","@@InfomodeTitleEmployeesTransportation","@@InfomodeTitleEmployeesTransportation","@@InfomodeTitleEmployeesTransportation","@@InfomodeTitleEmployeesTransportation","@@InfomodeTitleEmployeesTransportation"
"InfomodeTitleEfficiencyParkMaintenance","@@InfomodeTitleEmployeesParkMaintenance","@@InfomodeTitleEmployeesParkMaintenance","@@InfomodeTitleEmployeesParkMaintenance","@@InfomodeTitleEmployeesParkMaintenance","@@InfomodeTitleEmployeesParkMaintenance","@@InfomodeTitleEmployeesParkMaintenance","@@InfomodeTitleEmployeesParkMaintenance","@@InfomodeTitleEmployeesParkMaintenance","@@InfomodeTitleEmployeesParkMaintenance","@@InfomodeTitleEmployeesParkMaintenance","@@InfomodeTitleEmployeesParkMaintenance","@@InfomodeTitleEmployeesParkMaintenance"
"InfomodeTitleEfficiencyParksRecreation","@@InfomodeTitleEmployeesParksRecreation","@@InfomodeTitleEmployeesParksRecreation","@@InfomodeTitleEmployeesParksRecreation","@@InfomodeTitleEmployeesParksRecreation","@@InfomodeTitleEmployeesParksRecreation","@@InfomodeTitleEmployeesParksRecreation","@@InfomodeTitleEmployeesParksRecreation","@@InfomodeTitleEmployeesParksRecreation","@@InfomodeTitleEmployeesParksRecreation","@@InfomodeTitleEmployeesParksRecreation","@@InfomodeTitleEmployeesParksRecreation","@@InfomodeTitleEmployeesParksRecreation"
"InfomodeTitleEfficiencyPost","@@InfomodeTitleEmployeesPost","@@InfomodeTitleEmployeesPost","@@InfomodeTitleEmployeesPost","@@InfomodeTitleEmployeesPost","@@InfomodeTitleEmployeesPost","@@InfomodeTitleEmployeesPost","@@InfomodeTitleEmployeesPost","@@InfomodeTitleEmployeesPost","@@InfomodeTitleEmployeesPost","@@InfomodeTitleEmployeesPost","@@InfomodeTitleEmployeesPost","@@InfomodeTitleEmployeesPost"
"InfomodeTitleEfficiencyTelecom","@@InfomodeTitleEmployeesTelecom","@@InfomodeTitleEmployeesTelecom","@@InfomodeTitleEmployeesTelecom","@@InfomodeTitleEmployeesTelecom","@@InfomodeTitleEmployeesTelecom","@@InfomodeTitleEmployeesTelecom","@@InfomodeTitleEmployeesTelecom","@@InfomodeTitleEmployeesTelecom","@@InfomodeTitleEmployeesTelecom","@@InfomodeTitleEmployeesTelecom","@@InfomodeTitleEmployeesTelecom","@@InfomodeTitleEmployeesTelecom"
,,,,,,,,,,,,
"InfomodeTitleProcessingElectricityProduction","Electricity Production","Stromproduktion","Producción de electricidad","Production d'électricité","Produzione di elettricità","電力生産","전기 생산","Produkcja elektryczności","Produção de eletricidade","Производство электроэнергии","发电量","電力生產"
"InfomodeTitleProcessingWaterOutput","Water Output","Wassermenge","Gasto de agua","Production d'eau","Flusso idrico in uscita","水生産量","송수량","Produkcja wody","Produção hidráulica","Выход воды","供水输出","供水輸出"
"InfomodeTitleProcessingSewageTreatment","Sewage Treatment","Abwasseraufbereitung","Tratamiento de aguas residuales","Traitement des eaux usées","Trattamento dei liquami","下水処理","하수 처리","Uzdatnianie ścieków","Tratamento de esgoto","Очистка сточных вод","污水处理","汙水處理"
"InfomodeTitleProcessingCrematoriumProcessing","Crematorium Processing","Krematoriumsabwicklung","Procesamiento en crematorios","Vitesse du crématorium","Velocità del crematorio","火葬場の処理","화장장","Przetwarzanie krematoryjne","Processamento de crematório","Обработка в крематории","火葬场速度","火葬場速度"
"InfomodeTitleProcessingGarbageProcessing","Garbage Processing","Müllverarbeitung","Procesamiento de basura","Vitesse des déchets","Elaborazione dei rifiuti","ガベージスピード","쓰레기 속도","Przetwarzanie śmieci","Processamento de Lixo","Скорость мусора","垃圾速度","垃圾速度"
"InfomodeTitleProcessingMailSortingSpeed","Mail Sorting Speed","Geschwindigkeit der Postsortierung","Velocidad de clasificación de correo","Vitesse de tri du courrier","Velocità di smistamento della posta","メール仕分け速度","메일 분류 속도","Szybkość sortowania poczty","Velocidade de classificação de correspondência","Скорость сортировки почты","邮件分拣速度","郵件分類速度"
,,,,,,,,,,,,
"InfomodeTitleProductionWood","$$Resources.TITLE[Wood]","$$Resources.TITLE[Wood]","$$Resources.TITLE[Wood]","$$Resources.TITLE[Wood]","$$Resources.TITLE[Wood]","$$Resources.TITLE[Wood]","$$Resources.TITLE[Wood]","$$Resources.TITLE[Wood]","$$Resources.TITLE[Wood]","$$Resources.TITLE[Wood]","$$Resources.TITLE[Wood]","$$Resources.TITLE[Wood]"
"InfomodeTitleProductionGrain","$$Resources.TITLE[Grain]","$$Resources.TITLE[Grain]","$$Resources.TITLE[Grain]","$$Resources.TITLE[Grain]","$$Resources.TITLE[Grain]","$$Resources.TITLE[Grain]","$$Resources.TITLE[Grain]","$$Resources.TITLE[Grain]","$$Resources.TITLE[Grain]","$$Resources.TITLE[Grain]","$$Resources.TITLE[Grain]","$$Resources.TITLE[Grain]"
"InfomodeTitleProductionLivestock","$$Resources.TITLE[Livestock]","$$Resources.TITLE[Livestock]","$$Resources.TITLE[Livestock]","$$Resources.TITLE[Livestock]","$$Resources.TITLE[Livestock]","$$Resources.TITLE[Livestock]","$$Resources.TITLE[Livestock]","$$Resources.TITLE[Livestock]","$$Resources.TITLE[Livestock]","$$Resources.TITLE[Livestock]","$$Resources.TITLE[Livestock]","$$Resources.TITLE[Livestock]"
"InfomodeTitleProductionFish","$$Resources.TITLE[Fish]","$$Resources.TITLE[Fish]","$$Resources.TITLE[Fish]","$$Resources.TITLE[Fish]","$$Resources.TITLE[Fish]","$$Resources.TITLE[Fish]","$$Resources.TITLE[Fish]","$$Resources.TITLE[Fish]","$$Resources.TITLE[Fish]","$$Resources.TITLE[Fish]","$$Resources.TITLE[Fish]","$$Resources.TITLE[Fish]"
"InfomodeTitleProductionVegetables","$$Resources.TITLE[Vegetables]","$$Resources.TITLE[Vegetables]","$$Resources.TITLE[Vegetables]","$$Resources.TITLE[Vegetables]","$$Resources.TITLE[Vegetables]","$$Resources.TITLE[Vegetables]","$$Resources.TITLE[Vegetables]","$$Resources.TITLE[Vegetables]","$$Resources.TITLE[Vegetables]","$$Resources.TITLE[Vegetables]","$$Resources.TITLE[Vegetables]","$$Resources.TITLE[Vegetables]"
"InfomodeTitleProductionCotton","$$Resources.TITLE[Cotton]","$$Resources.TITLE[Cotton]","$$Resources.TITLE[Cotton]","$$Resources.TITLE[Cotton]","$$Resources.TITLE[Cotton]","$$Resources.TITLE[Cotton]","$$Resources.TITLE[Cotton]","$$Resources.TITLE[Cotton]","$$Resources.TITLE[Cotton]","$$Resources.TITLE[Cotton]","$$Resources.TITLE[Cotton]","$$Resources.TITLE[Cotton]"
"InfomodeTitleProductionOil","$$Resources.TITLE[Oil]","$$Resources.TITLE[Oil]","$$Resources.TITLE[Oil]","$$Resources.TITLE[Oil]","$$Resources.TITLE[Oil]","$$Resources.TITLE[Oil]","$$Resources.TITLE[Oil]","$$Resources.TITLE[Oil]","$$Resources.TITLE[Oil]","$$Resources.TITLE[Oil]","$$Resources.TITLE[Oil]","$$Resources.TITLE[Oil]"
"InfomodeTitleProductionOre","$$Resources.TITLE[Ore]","$$Resources.TITLE[Ore]","$$Resources.TITLE[Ore]","$$Resources.TITLE[Ore]","$$Resources.TITLE[Ore]","$$Resources.TITLE[Ore]","$$Resources.TITLE[Ore]","$$Resources.TITLE[Ore]","$$Resources.TITLE[Ore]","$$Resources.TITLE[Ore]","$$Resources.TITLE[Ore]","$$Resources.TITLE[Ore]"
"InfomodeTitleProductionCoal","$$Resources.TITLE[Coal]","$$Resources.TITLE[Coal]","$$Resources.TITLE[Coal]","$$Resources.TITLE[Coal]","$$Resources.TITLE[Coal]","$$Resources.TITLE[Coal]","$$Resources.TITLE[Coal]","$$Resources.TITLE[Coal]","$$Resources.TITLE[Coal]","$$Resources.TITLE[Coal]","$$Resources.TITLE[Coal]","$$Resources.TITLE[Coal]"
"InfomodeTitleProductionStone","$$Resources.TITLE[Stone]","$$Resources.TITLE[Stone]","$$Resources.TITLE[Stone]","$$Resources.TITLE[Stone]","$$Resources.TITLE[Stone]","$$Resources.TITLE[Stone]","$$Resources.TITLE[Stone]","$$Resources.TITLE[Stone]","$$Resources.TITLE[Stone]","$$Resources.TITLE[Stone]","$$Resources.TITLE[Stone]","$$Resources.TITLE[Stone]"
"InfomodeTitleProductionMetals","$$Resources.TITLE[Metals]","$$Resources.TITLE[Metals]","$$Resources.TITLE[Metals]","$$Resources.TITLE[Metals]","$$Resources.TITLE[Metals]","$$Resources.TITLE[Metals]","$$Resources.TITLE[Metals]","$$Resources.TITLE[Metals]","$$Resources.TITLE[Metals]","$$Resources.TITLE[Metals]","$$Resources.TITLE[Metals]","$$Resources.TITLE[Metals]"
"InfomodeTitleProductionSteel","$$Resources.TITLE[Steel]","$$Resources.TITLE[Steel]","$$Resources.TITLE[Steel]","$$Resources.TITLE[Steel]","$$Resources.TITLE[Steel]","$$Resources.TITLE[Steel]","$$Resources.TITLE[Steel]","$$Resources.TITLE[Steel]","$$Resources.TITLE[Steel]","$$Resources.TITLE[Steel]","$$Resources.TITLE[Steel]","$$Resources.TITLE[Steel]"
"InfomodeTitleProductionMinerals","$$Resources.TITLE[Minerals]","$$Resources.TITLE[Minerals]","$$Resources.TITLE[Minerals]","$$Resources.TITLE[Minerals]","$$Resources.TITLE[Minerals]","$$Resources.TITLE[Minerals]","$$Resources.TITLE[Minerals]","$$Resources.TITLE[Minerals]","$$Resources.TITLE[Minerals]","$$Resources.TITLE[Minerals]","$$Resources.TITLE[Minerals]","$$Resources.TITLE[Minerals]"
"InfomodeTitleProductionConcrete","$$Resources.TITLE[Concrete]","$$Resources.TITLE[Concrete]","$$Resources.TITLE[Concrete]","$$Resources.TITLE[Concrete]","$$Resources.TITLE[Concrete]","$$Resources.TITLE[Concrete]","$$Resources.TITLE[Concrete]","$$Resources.TITLE[Concrete]","$$Resources.TITLE[Concrete]","$$Resources.TITLE[Concrete]","$$Resources.TITLE[Concrete]","$$Resources.TITLE[Concrete]"
"InfomodeTitleProductionMachinery","$$Resources.TITLE[Machinery]","$$Resources.TITLE[Machinery]","$$Resources.TITLE[Machinery]","$$Resources.TITLE[Machinery]","$$Resources.TITLE[Machinery]","$$Resources.TITLE[Machinery]","$$Resources.TITLE[Machinery]","$$Resources.TITLE[Machinery]","$$Resources.TITLE[Machinery]","$$Resources.TITLE[Machinery]","$$Resources.TITLE[Machinery]","$$Resources.TITLE[Machinery]"
"InfomodeTitleProductionPetrochemicals","$$Resources.TITLE[Petrochemicals]","$$Resources.TITLE[Petrochemicals]","$$Resources.TITLE[Petrochemicals]","$$Resources.TITLE[Petrochemicals]","$$Resources.TITLE[Petrochemicals]","$$Resources.TITLE[Petrochemicals]","$$Resources.TITLE[Petrochemicals]","$$Resources.TITLE[Petrochemicals]","$$Resources.TITLE[Petrochemicals]","$$Resources.TITLE[Petrochemicals]","$$Resources.TITLE[Petrochemicals]","$$Resources.TITLE[Petrochemicals]"
"InfomodeTitleProductionChemicals","$$Resources.TITLE[Chemicals]","$$Resources.TITLE[Chemicals]","$$Resources.TITLE[Chemicals]","$$Resources.TITLE[Chemicals]","$$Resources.TITLE[Chemicals]","$$Resources.TITLE[Chemicals]","$$Resources.TITLE[Chemicals]","$$Resources.TITLE[Chemicals]","$$Resources.TITLE[Chemicals]","$$Resources.TITLE[Chemicals]","$$Resources.TITLE[Chemicals]","$$Resources.TITLE[Chemicals]"
"InfomodeTitleProductionPlastics","$$Resources.TITLE[Plastics]","$$Resources.TITLE[Plastics]","$$Resources.TITLE[Plastics]","$$Resources.TITLE[Plastics]","$$Resources.TITLE[Plastics]","$$Resources.TITLE[Plastics]","$$Resources.TITLE[Plastics]","$$Resources.TITLE[Plastics]","$$Resources.TITLE[Plastics]","$$Resources.TITLE[Plastics]","$$Resources.TITLE[Plastics]","$$Resources.TITLE[Plastics]"
"InfomodeTitleProductionPharmaceuticals","$$Resources.TITLE[Pharmaceuticals]","$$Resources.TITLE[Pharmaceuticals]","$$Resources.TITLE[Pharmaceuticals]","$$Resources.TITLE[Pharmaceuticals]","$$Resources.TITLE[Pharmaceuticals]","$$Resources.TITLE[Pharmaceuticals]","$$Resources.TITLE[Pharmaceuticals]","$$Resources.TITLE[Pharmaceuticals]","$$Resources.TITLE[Pharmaceuticals]","$$Resources.TITLE[Pharmaceuticals]","$$Resources.TITLE[Pharmaceuticals]","$$Resources.TITLE[Pharmaceuticals]"
"InfomodeTitleProductionElectronics","$$Resources.TITLE[Electronics]","$$Resources.TITLE[Electronics]","$$Resources.TITLE[Electronics]","$$Resources.TITLE[Electronics]","$$Resources.TITLE[Electronics]","$$Resources.TITLE[Electronics]","$$Resources.TITLE[Electronics]","$$Resources.TITLE[Electronics]","$$Resources.TITLE[Electronics]","$$Resources.TITLE[Electronics]","$$Resources.TITLE[Electronics]","$$Resources.TITLE[Electronics]"
"InfomodeTitleProductionVehicles","$$Resources.TITLE[Vehicles]","$$Resources.TITLE[Vehicles]","$$Resources.TITLE[Vehicles]","$$Resources.TITLE[Vehicles]","$$Resources.TITLE[Vehicles]","$$Resources.TITLE[Vehicles]","$$Resources.TITLE[Vehicles]","$$Resources.TITLE[Vehicles]","$$Resources.TITLE[Vehicles]","$$Resources.TITLE[Vehicles]","$$Resources.TITLE[Vehicles]","$$Resources.TITLE[Vehicles]"
"InfomodeTitleProductionBeverages","$$Resources.TITLE[Beverages]","$$Resources.TITLE[Beverages]","$$Resources.TITLE[Beverages]","$$Resources.TITLE[Beverages]","$$Resources.TITLE[Beverages]","$$Resources.TITLE[Beverages]","$$Resources.TITLE[Beverages]","$$Resources.TITLE[Beverages]","$$Resources.TITLE[Beverages]","$$Resources.TITLE[Beverages]","$$Resources.TITLE[Beverages]","$$Resources.TITLE[Beverages]"
"InfomodeTitleProductionConvenienceFood","$$Resources.TITLE[ConvenienceFood]","$$Resources.TITLE[ConvenienceFood]","$$Resources.TITLE[ConvenienceFood]","$$Resources.TITLE[ConvenienceFood]","$$Resources.TITLE[ConvenienceFood]","$$Resources.TITLE[ConvenienceFood]","$$Resources.TITLE[ConvenienceFood]","$$Resources.TITLE[ConvenienceFood]","$$Resources.TITLE[ConvenienceFood]","$$Resources.TITLE[ConvenienceFood]","$$Resources.TITLE[ConvenienceFood]","$$Resources.TITLE[ConvenienceFood]"
"InfomodeTitleProductionFood","$$Resources.TITLE[Food]","$$Resources.TITLE[Food]","$$Resources.TITLE[Food]","$$Resources.TITLE[Food]","$$Resources.TITLE[Food]","$$Resources.TITLE[Food]","$$Resources.TITLE[Food]","$$Resources.TITLE[Food]","$$Resources.TITLE[Food]","$$Resources.TITLE[Food]","$$Resources.TITLE[Food]","$$Resources.TITLE[Food]"
"InfomodeTitleProductionTextiles","$$Resources.TITLE[Textiles]","$$Resources.TITLE[Textiles]","$$Resources.TITLE[Textiles]","$$Resources.TITLE[Textiles]","$$Resources.TITLE[Textiles]","$$Resources.TITLE[Textiles]","$$Resources.TITLE[Textiles]","$$Resources.TITLE[Textiles]","$$Resources.TITLE[Textiles]","$$Resources.TITLE[Textiles]","$$Resources.TITLE[Textiles]","$$Resources.TITLE[Textiles]"
"InfomodeTitleProductionTimber","$$Resources.TITLE[Timber]","$$Resources.TITLE[Timber]","$$Resources.TITLE[Timber]","$$Resources.TITLE[Timber]","$$Resources.TITLE[Timber]","$$Resources.TITLE[Timber]","$$Resources.TITLE[Timber]","$$Resources.TITLE[Timber]","$$Resources.TITLE[Timber]","$$Resources.TITLE[Timber]","$$Resources.TITLE[Timber]","$$Resources.TITLE[Timber]"
"InfomodeTitleProductionPaper","$$Resources.TITLE[Paper]","$$Resources.TITLE[Paper]","$$Resources.TITLE[Paper]","$$Resources.TITLE[Paper]","$$Resources.TITLE[Paper]","$$Resources.TITLE[Paper]","$$Resources.TITLE[Paper]","$$Resources.TITLE[Paper]","$$Resources.TITLE[Paper]","$$Resources.TITLE[Paper]","$$Resources.TITLE[Paper]","$$Resources.TITLE[Paper]"
"InfomodeTitleProductionFurniture","$$Resources.TITLE[Furniture]","$$Resources.TITLE[Furniture]","$$Resources.TITLE[Furniture]","$$Resources.TITLE[Furniture]","$$Resources.TITLE[Furniture]","$$Resources.TITLE[Furniture]","$$Resources.TITLE[Furniture]","$$Resources.TITLE[Furniture]","$$Resources.TITLE[Furniture]","$$Resources.TITLE[Furniture]","$$Resources.TITLE[Furniture]","$$Resources.TITLE[Furniture]"
"InfomodeTitleProductionSoftware","$$Resources.TITLE[Software]","$$Resources.TITLE[Software]","$$Resources.TITLE[Software]","$$Resources.TITLE[Software]","$$Resources.TITLE[Software]","$$Resources.TITLE[Software]","$$Resources.TITLE[Software]","$$Resources.TITLE[Software]","$$Resources.TITLE[Software]","$$Resources.TITLE[Software]","$$Resources.TITLE[Software]","$$Resources.TITLE[Software]"
"InfomodeTitleProductionTelecom","$$Resources.TITLE[Telecom]","$$Resources.TITLE[Telecom]","$$Resources.TITLE[Telecom]","$$Resources.TITLE[Telecom]","$$Resources.TITLE[Telecom]","$$Resources.TITLE[Telecom]","$$Resources.TITLE[Telecom]","$$Resources.TITLE[Telecom]","$$Resources.TITLE[Telecom]","$$Resources.TITLE[Telecom]","$$Resources.TITLE[Telecom]","$$Resources.TITLE[Telecom]"
"InfomodeTitleProductionFinancial","$$Resources.TITLE[Financial]","$$Resources.TITLE[Financial]","$$Resources.TITLE[Financial]","$$Resources.TITLE[Financial]","$$Resources.TITLE[Financial]","$$Resources.TITLE[Financial]","$$Resources.TITLE[Financial]","$$Resources.TITLE[Financial]","$$Resources.TITLE[Financial]","$$Resources.TITLE[Financial]","$$Resources.TITLE[Financial]","$$Resources.TITLE[Financial]"
"InfomodeTitleProductionMedia","$$Resources.TITLE[Media]","$$Resources.TITLE[Media]","$$Resources.TITLE[Media]","$$Resources.TITLE[Media]","$$Resources.TITLE[Media]","$$Resources.TITLE[Media]","$$Resources.TITLE[Media]","$$Resources.TITLE[Media]","$$Resources.TITLE[Media]","$$Resources.TITLE[Media]","$$Resources.TITLE[Media]","$$Resources.TITLE[Media]"
,,,,,,,,,,,,
,,,,,,,,,,,,
"# Infomode tooltips.",,,,,,,,,,,,
"@@BuildingsAvailableToRent","Buildings available to rent are shown with 0% color.","Zur Miete verfügbare Gebäude werden mit 0 % Farbe angezeigt.","Los edificios disponibles para alquilar se muestran con 0% de color.","Les bâtiments disponibles à la location sont affichés avec 0% de couleur.","Gli edifici disponibili per l'affitto sono mostrati con colore 0%.","賃貸可能な建物は 0% の色で表示されます。","임대 가능한 건물은 0% 색상으로 표시됩니다.","Budynki dostępne do wynajęcia są oznaczone kolorem 0%.","Os edifícios disponíveis para alugar são mostrados com 0% de cor.","Здания, доступные для аренды, показаны цветом 0%.","可供出租的建筑物以 0% 颜色显示。","可供出租的建築物以 0% 顏色顯示。"
"InfomodeTooltipEmployeesResidential","Households (not employees) in residential buildings.","Haushalte (keine Arbeitnehmer) in Wohngebäuden.","Hogares (no empleados) en edificios residenciales.","Ménages (pas employés) dans des immeubles résidentiels.","Famiglie (non dipendenti) in edifici residenziali.","住宅ビルの世帯（従業員ではない）。","주거용 건물의 가구(직원 아님).","Gospodarstwa domowe (nie pracownicy) w budynkach mieszkalnych.","Domicílios (não empregados) em prédios residenciais.","Домохозяйства (не сотрудники) в жилых зданиях.","住宅楼内的家庭（非员工）。","住宅大樓內的家庭（非僱員）。"
"InfomodeTooltipEmployeesCommercial","Employees in commercial buildings.","Arbeitnehmer in Gewerbegebäuden.","Empleados en edificios comerciales.","Employés dans des immeubles commerciaux.","Dipendenti in edifici commerciali.","商業ビルの従業員。","상업용 건물의 직원.","Pracownicy w budynkach komercyjnych.","Empregados em prédios comerciais.","Сотрудники в коммерческих зданиях.","商业楼内的员工。","商業建築的員工。"
"InfomodeTooltipEmployeesExtractor","Employees in extractor buildings.","Mitarbeiter in Extraktionsgebäuden.","Empleados en edificios de extracción.","Employés dans les bâtiments d'extraction.","Dipendenti negli edifici di estrazione.","抽出棟の従業員","추출 시설 내의 직원들.","Pracownicy w budynkach z instalacjami ekstrakcyjnymi.","Empregados em edifícios de extração.","Сотрудникив зданиях экстракции.","提取车间的员工。","採掘車間的員工。"
"InfomodeTooltipEmployeesIndustrial","Employees in industrial buildings.","Arbeitnehmer in Industriegebäuden.","Empleados en edificios industriales.","Employés dans des immeubles industriels.","Dipendenti in edifici industriali.","工業ビルの従業員。","산업용 건물의 직원.","Pracownicy w budynkach przemysłowych.","Empregados em prédios industriais.","Сотрудники в промышленных зданиях.","工业楼内的员工。","工業建築內的員工。"
"InfomodeTooltipEmployeesOffice","Employees in office buildings.","Arbeitnehmer in Bürogebäuden.","Empleados en edificios de oficinas.","Employés dans des immeubles de bureaux.","Dipendenti in edifici per uffici.","オフィスビルの従業員。","사무실 건물의 직원.","Pracownicy w budynkach biurowych.","Empregados em prédios de escritórios.","Сотрудники в офисных зданиях.","办公楼内的员工。","辦公大樓裡的員工。"
"InfomodeTooltipEmployeesResidential","@@BuildingsAvailableToRent","@@BuildingsAvailableToRent","@@BuildingsAvailableToRent","@@BuildingsAvailableToRent","@@BuildingsAvailableToRent","@@BuildingsAvailableToRent","@@BuildingsAvailableToRent","@@BuildingsAvailableToRent","@@BuildingsAvailableToRent","@@BuildingsAvailableToRent","@@BuildingsAvailableToRent","@@BuildingsAvailableToRent"
"InfomodeTooltipEmployeesCommercial","@@BuildingsAvailableToRent","@@BuildingsAvailableToRent","@@BuildingsAvailableToRent","@@BuildingsAvailableToRent","@@BuildingsAvailableToRent","@@BuildingsAvailableToRent","@@BuildingsAvailableToRent","@@BuildingsAvailableToRent","@@BuildingsAvailableToRent","@@BuildingsAvailableToRent","@@BuildingsAvailableToRent","@@BuildingsAvailableToRent"
"InfomodeTooltipEmployeesExtractor","@@BuildingsAvailableToRent","@@BuildingsAvailableToRent","@@BuildingsAvailableToRent","@@BuildingsAvailableToRent","@@BuildingsAvailableToRent","@@BuildingsAvailableToRent","@@BuildingsAvailableToRent","@@BuildingsAvailableToRent","@@BuildingsAvailableToRent","@@BuildingsAvailableToRent","@@BuildingsAvailableToRent","@@BuildingsAvailableToRent"
"InfomodeTooltipEmployeesIndustrial","@@BuildingsAvailableToRent","@@BuildingsAvailableToRent","@@BuildingsAvailableToRent","@@BuildingsAvailableToRent","@@BuildingsAvailableToRent","@@BuildingsAvailableToRent","@@BuildingsAvailableToRent","@@BuildingsAvailableToRent","@@BuildingsAvailableToRent","@@BuildingsAvailableToRent","@@BuildingsAvailableToRent","@@BuildingsAvailableToRent"
"InfomodeTooltipEmployeesOffice","@@BuildingsAvailableToRent","@@BuildingsAvailableToRent","@@BuildingsAvailableToRent","@@BuildingsAvailableToRent","@@BuildingsAvailableToRent","@@BuildingsAvailableToRent","@@BuildingsAvailableToRent","@@BuildingsAvailableToRent","@@BuildingsAvailableToRent","@@BuildingsAvailableToRent","@@BuildingsAvailableToRent","@@BuildingsAvailableToRent"
"InfomodeTooltipEmployeesParking","Employees in parking lots and parking buildings.","Mitarbeiter in Parkplätzen und Parkhäusern.","Empleados en estacionamientos y edificios de estacionamiento.","Employés dans les parcs de stationnement et les bâtiments de stationnement.","Dipendenti nei parcheggi e negli edifici adibiti a parcheggio.","駐車場および駐車場ビルの従業員。","주차장과 주차 건물의 직원.","Pracownicy parkingów i budynków parkingowych.","Funcionários em estacionamentos e prédios de estacionamento.","Сотрудники на парковках и в парковочных зданиях.","停车场和停车楼的员工。","停車場和停車樓的員工。"
"InfomodeTooltipEmployeesRoadMaintenance","Employees in road maintenance depots.","Mitarbeiter in Straßenmeistereien.","Empleados en depósitos de mantenimiento de carreteras.","Employés dans les dépôts d'entretien des routes.","Dipendenti dei depositi di manutenzione stradale.","道路保守拠点の従業員。","도로 유지 관리 창고의 직원들.","Pracownicy w bazach utrzymania dróg.","Funcionários em depósitos de manutenção de estradas.","Работники дорожно-эксплуатационных депо.","道路养护站的员工。","公路養護站的員工。"
"InfomodeTooltipEmployeesElectricity","Employees in power generating buildings and emergency battery stations.","Mitarbeiter in Stromerzeugungsgebäuden und Notstrombatteriestationen.","Empleados en edificios generadores de energía y estaciones de baterías de emergencia.","Employés dans les bâtiments de production d’énergie et les stations de batteries de secours.","Dipendenti di edifici adibiti alla produzione di energia elettrica e stazioni di batterie di emergenza.","発電所ビルおよび緊急バッテリーステーションの従業員。","발전소 건물과 비상 배터리 스테이션의 직원.","Pracownicy w budynkach generujących energię i stacjach akumulatorów awaryjnych.","Funcionários em edifícios de geração de energia e estações de baterias de emergência.","Работники зданий, производящих электроэнергию, и аварийных аккумуляторных станций.","发电厂和应急电池站的员工。","發電大樓和緊急電池站的員工。"
"InfomodeTooltipEmployeesWater","Employees in fresh water buildings.","Mitarbeiter in Frischwassergebäuden.","Empleados en edificios de agua dulce.","Employés dans les bâtiments d'eau douce.","Dipendenti negli edifici adibiti all'acqua dolce.","真水を供給する建物内の従業員。","담수 건물의 직원.","Pracownicy w budynkach ze słodką wodą.","Funcionários em edifícios de água doce.","Сотрудники зданий, связанных с пресной водой.","淡水建筑中的员工。","供應淡水的建築物內的員工。"
"InfomodeTooltipEmployeesSewage","Employees in sewage treatment buildings.","Mitarbeiter in Kläranlagen.","Empleados en edificios de tratamiento de aguas residuales.","Employés dans les bâtiments de traitement des eaux usées.","Dipendenti negli edifici adibiti al trattamento delle acque reflue.","下水処理施設の従業員。","하수 처리 시설의 직원.","Pracownicy w budynkach oczyszczalni ścieków.","Funcionários em edifícios de tratamento de esgoto.","Работники очистных сооружений.","污水处理大楼的员工。","污水處理大樓的員工。"
"InfomodeTooltipEmployeesHealthcare","Employees in healthcare buildings.","Mitarbeiter in Gebäuden des Gesundheitswesens.","Empleados en edificios de atención médica.","Employés dans les bâtiments de soins de santé.","Dipendenti di strutture sanitarie.","医療施設の従業員。","의료 시설 건물의 직원.","Pracownicy w budynkach służby zdrowia.","Funcionários em edifícios de saúde.","Сотрудники в зданиях здравоохранения.","医疗保健大楼内的员工。","醫療保健大樓的員工。"
"InfomodeTooltipEmployeesDeathcare","Employees in deathcare buildings.","Mitarbeiter in Bestattungseinrichtungen.","Empleados en edificios funerarios.","Employés dans les établissements de soins funéraires.","Dipendenti degli edifici funebri.","死体安置施設の従業員。","장례 관리 시설의 직원.","Pracownicy zakładów pogrzebowych.","Funcionários em edifícios funerários.","Сотрудники похоронных бюро.","殡葬大楼内的员工。","殯儀館的員工。"
"InfomodeTooltipEmployeesGarbageManagement","Employees in garbage management buildings.","Mitarbeiter in Müllentsorgungsgebäuden.","Empleados en edificios de gestión de basura.","Employés dans les bâtiments de gestion des déchets.","Dipendenti degli edifici adibiti alla gestione dei rifiuti.","ゴミ管理ビルの従業員。","쓰레기 관리 건물의 직원들.","Pracownicy budynków zajmujących się wywozem śmieci.","Funcionários em prédios de gerenciamento de lixo.","Сотрудники зданий по управлению мусором.","垃圾管理大楼的员工。","垃圾管理大樓的員工。"
"InfomodeTooltipEmployeesEducation","Employees in elementary schools, high schools, colleges, and universities.","Mitarbeiter an Grundschulen, weiterführenden Schulen, Colleges und Universitäten.","Empleados de escuelas primarias, secundarias, colegios y universidades.","Employés des écoles primaires, secondaires, collèges et universités.","Dipendenti di scuole elementari, superiori, college e università.","小学校、高校、短期大学、大学の職員。","초등학교, 고등학교, 대학 및 대학교 직원.","Pracownicy szkół podstawowych, średnich, wyższych i uniwersytetów.","Funcionários de escolas de ensino fundamental, médio, faculdades e universidades.","Сотрудники начальных школ, средних школ, колледжей и университетов.","小学、中学、学院和大学的员工。","小學、高中、學院和大學的員工。"
"InfomodeTooltipEmployeesResearch","Employees in research buildings.","Beschäftigte in Forschungsgebäuden.","Empleados en edificios de investigación.","Employés dans les bâtiments de recherche.","Dipendenti negli edifici di ricerca.","研究棟の従業員。","연구 건물의 직원.","Pracownicy w budynkach badawczych.","Funcionários em edifícios de pesquisa.","Сотрудники исследовательских зданий.","建筑物内进行研究的员工。","進行研究的建築物內的員工。"
"InfomodeTooltipEmployeesFireRescue","Employees in fire & rescue buildings.","Mitarbeiter in Feuerwehr- und Rettungsgebäuden.","Empleados en edificios de bomberos y rescate.","Employés dans les bâtiments de pompiers et de secours.","Dipendenti degli edifici adibiti ai servizi antincendio e di soccorso.","消防救助ビルの従業員。","소방 및 구조 건물의 직원.","Pracownicy obiektów straży pożarnej i ratowniczej.","Funcionários em edifícios de bombeiros e salvamento.","Сотрудники пожарно-спасательных служб.","提供消防和救援服务的建筑物的员工。","消防救援大樓的員工。"
"InfomodeTooltipEmployeesDisasterControl","Employees in disaster control buildings.","Mitarbeiter in Gebäuden des Katastrophenschutzes.","Empleados en edificios de control de desastres.","Employés dans les bâtiments de contrôle des catastrophes.","Dipendenti negli edifici adibiti al controllo delle catastrofi.","防災ビル内の従業員。","재난 관리 건물의 직원.","Pracownicy budynków służących do kontroli klęsk żywiołowych.","Funcionários em edifícios de controle de desastres.","Сотрудники зданий, предназначенных для ликвидации последствий стихийных бедствий.","在建筑物内从事防灾工作的员工。","從事災害控制工作的建築物內的員工。"
"InfomodeTooltipEmployeesPolice","Employees in police stations and prisons.","Mitarbeiter in Polizeistationen und Gefängnissen.","Empleados en comisarías y prisiones.","Employés dans les commissariats de police et les prisons.","Dipendenti delle stazioni di polizia e delle carceri.","警察署や刑務所の職員。","경찰서와 교도소 직원.","Pracownicy posterunków policji i więzień.","Funcionários em delegacias de polícia e prisões.","Сотрудники полицейских участков и тюрем.","警察局和监狱的工作人员。","警察局和監獄的僱員。"
"InfomodeTooltipEmployeesAdministration","Employees in administration buildings.","Mitarbeiter in Verwaltungsgebäuden.","Empleados en edificios administrativos.","Employés dans les bâtiments administratifs.","Dipendenti negli edifici amministrativi.","管理棟の従業員。","행정 건물의 직원.","Pracownicy w budynkach administracyjnych.","Funcionários em prédios administrativos.","Сотрудники административных зданий.","行政大楼内的员工。","行政大樓內的員工。"
"InfomodeTooltipEmployeesTransportation","Employees in transport depots and transport stations.","Mitarbeiter in Verkehrsdepots und Verkehrsbahnhöfen.","Empleados en depósitos de transporte y estaciones de transporte.","Employés dans les dépôts et les gares de transport.","Dipendenti nei depositi e nelle stazioni di trasporto.","輸送拠点および輸送駅の従業員。","운송 창고와 운송 역의 직원.","Pracownicy baz transportowych i stacji transportowych.","Funcionários em depósitos de transporte e estações de transporte.","Работники транспортных депо и транспортных станций.","运输站工作人员。","運輸碼頭員工。"
"InfomodeTooltipEmployeesParkMaintenance","Employees in park maintenance depots.","Mitarbeiter in Parkpflegedepots.","Empleados en depósitos de mantenimiento de parques.","Employés dans les dépôts d'entretien du parc.","Dipendenti dei depositi di manutenzione dei parchi.","公園管理所の従業員。","공원 유지 관리 창고의 직원들입니다.","Pracownicy w punktach utrzymania parku.","Funcionários em depósitos de manutenção de parques.","Сотрудники парковых депо.","公园维护站的员工。","公園維修站的員工。"
"InfomodeTooltipEmployeesParksRecreation","Employees in parks and recreation buildings. Most parks do not have employees.","Mitarbeiter in Parks und Erholungsgebäuden. Die meisten Parks haben keine Mitarbeiter.","Empleados en parques y edificios de recreación. La mayoría de los parques no tienen empleados.","Employés dans les parcs et les bâtiments de loisirs. La plupart des parcs n'ont pas d'employés.","Dipendenti nei parchi e negli edifici ricreativi. La maggior parte dei parchi non ha dipendenti.","公園やレクリエーション施設の従業員。ほとんどの公園には従業員がいません。","공원 및 레크리에이션 빌딩의 직원. 대부분의 공원에는 직원이 없습니다.","Pracownicy w parkach i budynkach rekreacyjnych. Większość parków nie ma pracowników.","Funcionários em parques e prédios de recreação. A maioria dos parques não tem funcionários.","Сотрудники в парках и рекреационных зданиях. В большинстве парков нет сотрудников.","公园和娱乐场所的员工。大多数公园没有员工。","公園和娛樂場所的員工。大多數公園沒有員工。"
"InfomodeTooltipEmployeesPost","Employees in post buildings.","Mitarbeiter in Postgebäuden.","Empleados en edificios de correos.","Employés dans les bâtiments de poste.","Dipendenti negli edifici postali.","郵便局の従業員たち。","우체국 건물의 직원들입니다.","Pracownicy w budynkach pocztowych.","Funcionários em edifícios de correios.","Сотрудники в почтовых зданиях.","邮政大楼的员工。","郵政大樓的員工。"
"InfomodeTooltipEmployeesTelecom","Employees in telecommunication buildings.","Mitarbeiter in Telekommunikationsgebäuden.","Empleados en edificios de telecomunicaciones.","Employés dans les bâtiments de télécommunication.","Dipendenti negli edifici adibiti alle telecomunicazioni.","通信ビルの従業員。","통신건물의 직원.","Pracownicy budynków telekomunikacyjnych.","Funcionários em edifícios de telecomunicações.","Сотрудники телекоммуникационных зданий.","电信大楼内的员工。","電信大樓的員工。"
,,,,,,,,,,,,
"InfomodeTooltipVisitorsHealthcare","Patients in healthcare buildings.","Patienten in Gesundheitsgebäuden.","Pacientes en edificios sanitarios.","Patients dans les établissements de santé.","Pazienti in strutture sanitarie.","医療施設内の患者。","의료시설에 있는 환자.","Pacjenci w budynkach służby zdrowia.","Pacientes em edifícios de saúde.","Пациенты в медицинских учреждениях.","医疗保健大楼内的病人。","醫療大樓內的病患。"
"InfomodeTooltipVisitorsCemetery","Deceased in cemeteries.","Verstorbene auf Friedhöfen.","Personas muertas en los cementerios.","Décédés dans les cimetières.","Deceduti nei cimiteri.","墓地で亡くなった人々。","묘지에서 사망함.","Zmarłych na cmentarzach.","Mortos em cemitérios.","Умершие на кладбищах.","墓地里的死人。","墓地裡的死人。"
"InfomodeTooltipVisitorsCrematorium","Deceased in crematoriums.","Tote Menschen in Krematorien.","Personas muertas en crematorios.","Décédés dans les crématoriums.","Deceduti nei crematori.","火葬場の死者。","화장터에 있는 죽은 사람들.","Zmarłych w krematoriach.","Mortos em crematórios.","Мертвые люди в крематориях.","火葬场里的死人。","火葬場裡的死者。"
"InfomodeTooltipVisitorsElementarySchool","Students attending elementary schools.","Schüler, die Grundschulen besuchen.","Estudiantes que asisten a escuelas primarias.","Élèves fréquentant les écoles primaires.","Studenti che frequentano le scuole elementari.","小学校に通う生徒。","초등학교에 다니는 학생.","Uczniowie uczęszczający do szkół podstawowych.","Alunos que frequentam escolas primárias.","Учащиеся, посещающие начальные школы.","就读小学的学生。","小學學生。"
"InfomodeTooltipVisitorsHighSchool","Students attending high schools.","Schüler, die weiterführende Schulen besuchen.","Estudiantes que asisten a escuelas secundarias.","Élèves fréquentant les lycées.","Studenti che frequentano le scuole superiori.","高校に通う生徒。","고등학교에 다니는 학생.","Uczniowie uczęszczający do szkół średnich.","Alunos que frequentam escolas secundárias.","Учащиеся, посещающие средние школы.","就读中学的学生。","就讀高中的學生。"
"InfomodeTooltipVisitorsCollege","Students attending colleges.","Schüler, die Colleges besuchen.","Estudiantes que asisten a colegios.","Élèves fréquentant les collèges.","Studenti che frequentano i college.","短大に通う生徒。","대학에 다니는 학생.","Uczniowie uczęszczający do college'ów.","Alunos que frequentam faculdades.","Учащиеся, посещающие колледжи.","就读大学的学生。","就讀大學的學生。"
"InfomodeTooltipVisitorsUniversity","Students attending universities.","Schüler, die Universitäten besuchen.","Estudiantes que asisten a universidades.","Élèves fréquentant les universités.","Studenti che frequentano le università.","大学に通う生徒。","대학에 다니는 학생.","Uczniowie uczęszczający na uniwersytety.","Alunos que frequentam universidades.","Учащиеся, посещающие университеты.","就读大学的学生。","就讀大學的學生。"
"InfomodeTooltipVisitorsEmergencyShelter","Citizens in emergency shelters.","Bürger in Notunterkünften.","Ciudadanos en refugios de emergencia.","Citoyens dans des abris d'urgence.","Cittadini nei rifugi di emergenza.","緊急避難所にいる住民たち。","비상 대피소에 있는 시민들.","Obywatele w schroniskach tymczasowych.","Cidadãos em abrigos de emergência.","Граждане, находящиеся в убежищах.","紧急避难所内的公民。","緊急避難所中的公民。"
"InfomodeTooltipVisitorsPoliceStation","Arrested criminals in police stations.","Festgenommene Kriminelle auf Polizeistationen.","Delincuentes detenidos en comisarías.","Des criminels arrêtés dans les commissariats de police.","Criminali arrestati nelle stazioni di polizia.","警察署で逮捕された犯罪者。","경찰서에 체포된 범죄자들.","Aresztowani przestępcy na posterunkach policji.","Criminosos presos em delegacias de polícia.","Арестованные преступники в полицейских участках.","警察局里被捕的罪犯。","在警察局逮捕罪犯。"
"InfomodeTooltipVisitorsPrison","Prisoners in prisons.","Gefangene in Gefängnissen.","Presos en cárceles.","Des prisonniers dans les prisons.","Prigionieri nelle prigioni.","刑務所の囚人。","감옥에 있는 수감자들.","Więźniowie w więzieniach.","Prisioneiros em prisões.","Заключенные в тюрьмах.","监狱里的囚犯。","監獄裡的囚犯。"
,,,,,,,,,,,,
"@@UOMPlaceholder","(UOM)","(UOM)","(UOM)","(UOM)","(UOM)","(UOM)","(UOM)","(UOM)","(UOM)","(UOM)","(UOM)","(UOM)"
"InfomodeTooltipStorageCommercial","Resources in commercial buildings. @@UOMPlaceholder","Ressourcen in Gewerbegebäuden. @@UOMPlaceholder","Recursos en edificios comerciales. @@UOMPlaceholder","Ressources dans les bâtiments commerciaux. @@UOMPlaceholder","Risorse negli edifici commerciali. @@UOMPlaceholder","商業ビル内のリソース。 @@UOMPlaceholder","상업용 건물 내부의 리소스. @@UOMPlaceholder","Zasoby w budynkach komercyjnych. @@UOMPlaceholder","Recursos em prédios comerciais. @@UOMPlaceholder","Ресурсы в коммерческих зданиях. @@UOMPlaceholder","商业建筑中的资源。 @@UOMPlaceholder","商業建築中的資源。 @@UOMPlaceholder"
"InfomodeTooltipStorageExtractor","Resources in extractor buildings. @@UOMPlaceholder","Ressourcen in Fördergebäuden. @@UOMPlaceholder","Recursos en edificios de extracción. @@UOMPlaceholder","Ressources dans les bâtiments d'extraction. @@UOMPlaceholder","Risorse negli edifici di estrazione. @@UOMPlaceholder","抽出施設の資源 @@UOMPlaceholder","추출 시설 내 자원. @@UOMPlaceholder","Surowce w budynkach wydobywczych. @@UOMPlaceholder","Recursos em edifícios de extração. @@UOMPlaceholder","Ресурсы в добывающих зданиях. @@UOMPlaceholder","专业产业大楼内的资源。@@UOMPlaceholder","提取器建築中的資源。 @@UOMPlaceholder"
"InfomodeTooltipStorageIndustrial","Resources in industrial buildings. @@UOMPlaceholder","Ressourcen in Industriegebäuden. @@UOMPlaceholder","Recursos en edificios industriales. @@UOMPlaceholder","Ressources dans les bâtiments industriels. @@UOMPlaceholder","Risorse negli edifici industriali. @@UOMPlaceholder","工業ビル内のリソース。 @@UOMPlaceholder","산업용 건물 내부의 리소스. @@UOMPlaceholder","Zasoby w budynkach przemysłowych. @@UOMPlaceholder","Recursos em prédios industriais. @@UOMPlaceholder","Ресурсы в промышленных зданиях. @@UOMPlaceholder","工业建筑中的资源。 @@UOMPlaceholder","工業建築中的資源。 @@UOMPlaceholder"
"InfomodeTooltipStorageWarehouse","Resources in warehouse buildings. @@UOMPlaceholder","Ressourcen in Lagergebäuden. @@UOMPlaceholder","Recursos en edificios de almacenamiento. @@UOMPlaceholder","Ressources dans les entrepôts. @@UOMPlaceholder","Risorse nei magazzini. @@UOMPlaceholder","倉庫施設の資源 @@UOMPlaceholder","창고 시설 내 자원. @@UOMPlaceholder","Surowce w magazynach. @@UOMPlaceholder","Recursos em armazéns. @@UOMPlaceholder","Ресурсы на складах. @@UOMPlaceholder","仓库建筑内的资源。 @@UOMPlaceholder","倉庫建築中的資源。 @@UOMPlaceholder"
"InfomodeTooltipStorageOffice","Resources in office buildings. @@UOMPlaceholder","Ressourcen in Bürogebäuden. @@UOMPlaceholder","Recursos en edificios de oficinas. @@UOMPlaceholder","Ressources dans les immeubles de bureaux. @@UOMPlaceholder","Risorse negli edifici per uffici. @@UOMPlaceholder","オフィスビル内のリソース。 @@UOMPlaceholder","사무실 건물 내부의 리소스. @@UOMPlaceholder","Zasoby w budynkach biurowych. @@UOMPlaceholder","Recursos em prédios de escritórios. @@UOMPlaceholder","Ресурсы в офисных зданиях. @@UOMPlaceholder","办公楼中的资源。 @@UOMPlaceholder","辦公大樓資源。 @@UOMPlaceholder"
"InfomodeTooltipStorageCommercial","@@BuildingsAvailableToRent","@@BuildingsAvailableToRent","@@BuildingsAvailableToRent","@@BuildingsAvailableToRent","@@BuildingsAvailableToRent","@@BuildingsAvailableToRent","@@BuildingsAvailableToRent","@@BuildingsAvailableToRent","@@BuildingsAvailableToRent","@@BuildingsAvailableToRent","@@BuildingsAvailableToRent","@@BuildingsAvailableToRent"
"InfomodeTooltipStorageExtractor","@@BuildingsAvailableToRent","@@BuildingsAvailableToRent","@@BuildingsAvailableToRent","@@BuildingsAvailableToRent","@@BuildingsAvailableToRent","@@BuildingsAvailableToRent","@@BuildingsAvailableToRent","@@BuildingsAvailableToRent","@@BuildingsAvailableToRent","@@BuildingsAvailableToRent","@@BuildingsAvailableToRent","@@BuildingsAvailableToRent"
"InfomodeTooltipStorageIndustrial","@@BuildingsAvailableToRent","@@BuildingsAvailableToRent","@@BuildingsAvailableToRent","@@BuildingsAvailableToRent","@@BuildingsAvailableToRent","@@BuildingsAvailableToRent","@@BuildingsAvailableToRent","@@BuildingsAvailableToRent","@@BuildingsAvailableToRent","@@BuildingsAvailableToRent","@@BuildingsAvailableToRent","@@BuildingsAvailableToRent"
"InfomodeTooltipStorageWarehouse","@@BuildingsAvailableToRent","@@BuildingsAvailableToRent","@@BuildingsAvailableToRent","@@BuildingsAvailableToRent","@@BuildingsAvailableToRent","@@BuildingsAvailableToRent","@@BuildingsAvailableToRent","@@BuildingsAvailableToRent","@@BuildingsAvailableToRent","@@BuildingsAvailableToRent","@@BuildingsAvailableToRent","@@BuildingsAvailableToRent"
"InfomodeTooltipStorageOffice","@@BuildingsAvailableToRent","@@BuildingsAvailableToRent","@@BuildingsAvailableToRent","@@BuildingsAvailableToRent","@@BuildingsAvailableToRent","@@BuildingsAvailableToRent","@@BuildingsAvailableToRent","@@BuildingsAvailableToRent","@@BuildingsAvailableToRent","@@BuildingsAvailableToRent","@@BuildingsAvailableToRent","@@BuildingsAvailableToRent"
"InfomodeTooltipStorageBatteryCharge","Electrical charge in batteries. @@UOMPlaceholder","Elektrische Ladung in Batterien. @@UOMPlaceholder","Carga eléctrica en baterías. @@UOMPlaceholder","Charge électrique dans les batteries. @@UOMPlaceholder","Carica elettrica nelle batterie. @@UOMPlaceholder","電池内の電荷。 @@UOMPlaceholder","배터리의 전하. @@UOMPlaceholder","Ładunek elektryczny w bateriach. @@UOMPlaceholder","Carga elétrica em baterias. @@UOMPlaceholder","Электрический заряд в батареях. @@UOMPlaceholder","电池中的电荷。 @@UOMPlaceholder","電池中的電荷。 @@UOMPlaceholder"
"InfomodeTooltipStoragePowerPlantFuel","Fuel in power generating buildings. @@UOMPlaceholder","Kraftstoff in Stromerzeugungsgebäuden. @@UOMPlaceholder","Combustible en edificios generadores de energía. @@UOMPlaceholder","Carburant dans les bâtiments de production d'électricité. @@UOMPlaceholder","Carburante negli edifici che generano energia. @@UOMPlaceholder","発電ビルの燃料。 @@UOMPlaceholder","발전 건물의 연료. @@UOMPlaceholder","Paliwo w budynkach generujących energię. @@UOMPlaceholder","Combustível em prédios de geração de energia. @@UOMPlaceholder","Топливо в зданиях, генерирующих электроэнергию. @@UOMPlaceholder","发电建筑中的燃料。 @@UOMPlaceholder","發電建築物內的燃料。 @@UOMPlaceholder"
"InfomodeTooltipStorageHealthcare","Pharmaceuticals in healthcare buildings. @@UOMPlaceholder","Pharmazeutika in Gesundheitsgebäuden. @@UOMPlaceholder","Productos farmacéuticos en edificios de atención médica. @@UOMPlaceholder","Produits pharmaceutiques dans les bâtiments de soins de santé. @@UOMPlaceholder","Prodotti farmaceutici negli edifici sanitari. @@UOMPlaceholder","医療ビルの医薬品。 @@UOMPlaceholder","의료 건물의 제약품. @@UOMPlaceholder","Produkty farmaceutyczne w budynkach służby zdrowia. @@UOMPlaceholder","Produtos farmacêuticos em prédios de assistência médica. @@UOMPlaceholder","Фармацевтика в зданиях здравоохранения. @@UOMPlaceholder","医疗建筑中的药品。 @@UOMPlaceholder","醫療保健建築中的藥品。 @@UOMPlaceholder"
"InfomodeTooltipStorageLandfill","Garbage in landfills. @@UOMPlaceholder","Müll auf Mülldeponien. @@UOMPlaceholder","Basura en vertederos. @@UOMPlaceholder","Déchets dans les décharges. @@UOMPlaceholder","Rifiuti nelle discariche. @@UOMPlaceholder","埋立地のゴミ。 @@UOMPlaceholder","매립지의 쓰레기. @@UOMPlaceholder","Śmieci na wysypiskach. @@UOMPlaceholder","Lixo em aterros sanitários. @@UOMPlaceholder","Мусор на свалках. @@UOMPlaceholder","垃圾填埋场里的垃圾。 @@UOMPlaceholder","垃圾掩埋場的垃圾。 @@UOMPlaceholder"
"InfomodeTooltipStorageGarbageManagement","Garbage in garbage management buildings. @@UOMPlaceholder","Müll in Müllentsorgungsgebäuden. @@UOMPlaceholder","Basura en edificios de gestión de basura. @@UOMPlaceholder","Déchets dans les bâtiments de gestion des déchets. @@UOMPlaceholder","Rifiuti negli edifici di gestione dei rifiuti. @@UOMPlaceholder","ゴミ管理ビルのゴミ。 @@UOMPlaceholder","쓰레기 관리 건물의 쓰레기. @@UOMPlaceholder","Śmieci w budynkach do składowania śmieci. @@UOMPlaceholder","Lixo em prédios de gerenciamento de lixo. @@UOMPlaceholder","Мусор в зданиях по управлению мусором. @@UOMPlaceholder","垃圾管理大楼里的垃圾。 @@UOMPlaceholder","廢棄物管理大樓內的垃圾。 @@UOMPlaceholder"
"InfomodeTooltipStorageEmergencyShelter","Food in emergency shelters. @@UOMPlaceholder","Lebensmittel in Notunterkünften. @@UOMPlaceholder","Alimentos en los refugios de emergencia. @@UOMPlaceholder","Nourriture dans les abris d'urgence. @@UOMPlaceholder","Cibo nei rifugi di emergenza. @@UOMPlaceholder","緊急避難所の食料。 @@UOMPlaceholder","비상 대피소의 식량. @@UOMPlaceholder","Żywność w schroniskach awaryjnych. @@UOMPlaceholder","Alimentos em abrigos de emergência. @@UOMPlaceholder","Еда в убежищах для экстренных случаев. @@UOMPlaceholder","紧急避难所的食物。 @@UOMPlaceholder","緊急避難所內的食物。 @@UOMPlaceholder"
"InfomodeTooltipStorageCargoTransportation","Resources in cargo transportation buildings. @@UOMPlaceholder","Ressourcen in Gebäuden für den Gütertransport. @@UOMPlaceholder","Recursos en los edificios de transporte de carga. @@UOMPlaceholder","Ressources dans les bâtiments de transport de marchandises. @@UOMPlaceholder","Risorse negli edifici per il trasporto merci. @@UOMPlaceholder","貨物輸送ビルの資源。 @@UOMPlaceholder","화물 운송 건물의 자원. @@UOMPlaceholder","Zasoby w budynkach do transportu ładunków. @@UOMPlaceholder","Recursos em prédios de transporte de carga. @@UOMPlaceholder","Ресурсы в зданиях для транспортировки грузов. @@UOMPlaceholder","货物运输大楼里的资源。 @@UOMPlaceholder","貨物運輸建築中的資源。 @@UOMPlaceholder"
"InfomodeTooltipStoragePost","Mail in post buildings.","Post in Postgebäuden.","Correo en los edificios de correos.","Courrier dans les bureaux de poste.","La posta negli uffici postali.","郵便局にある郵便物。","우체국 건물에 있는 우편물.","Poczta w budynkach pocztowych.","Correspondência nos edifícios dos correios.","Почта в почтовых отделениях.","邮局大楼里的邮件。","郵局內的郵件。"
"InfomodeTooltipStorageMailbox","Mail in mailboxes.","Post in Briefkästen.","Correo en buzones.","Courrier dans les boîtes aux lettres.","La posta nelle cassette postali.","郵便受けにある郵便物。","우편함에 있는 우편물.","Poczta w skrzynkach pocztowych.","Correspondência nas caixas de correio.","Почта в почтовых ящиках.","邮箱里的邮件。","郵箱內的郵件。"
,,,,,,,,,,,,
"InfomodeTooltipVehiclesResidentialCar","Cars from residential buildings.","Autos aus Wohngebäuden.","Coches de edificios residenciales.","Voitures provenant d'immeubles résidentiels.","Auto provenienti da edifici residenziali.","住宅街にある車。","주거용 건물에서 나온 차량들.","Samochody dla mieszkańców mieszkalnych.","Carros de edifícios residenciais.","Автомобили из жилых домов.","来自住宅楼的汽车。","居民大樓裡的汽車。"
"InfomodeTooltipVehiclesCommercialTruck","Delivery trucks from commercial buildings.","Lieferwagen aus Gewerbegebäuden.","Camiones de reparto desde edificios comerciales.","Camions de livraison provenant d'immeubles commerciaux.","Camion per le consegne da edifici commerciali.","商業ビルからの配送トラック。","상업용 건물의 배달 트럭.","Samochody dostawcze z budynków komercyjnych.","Caminhões de entrega de prédios comerciais.","Грузовики для доставки из коммерческих зданий.","来自商业建筑的送货卡车。","從商業大樓開出的送貨卡車。"
"InfomodeTooltipVehiclesExtractorTruck","Delivery trucks from extractor buildings.","Lieferfahrzeuge von spezialisierten Industriegebäuden.","Camiones de reparto desde edificios de extracción.","Camions de livraison en provenance des bâtiments d'extraction.","Camion di consegna dagli edifici di estrazione.","抽出施設からの配送トラック。","추출 시설의 배송 트럭.","Pojazdy dostawcze z budynków wydobywczych.","Caminhões de entrega provenientes de instalações de extração.","Грузовики для доставки от добывающих сооружений.","来自专业工业设施的运输卡车。","從採礦場運送貨物的卡車。"
"InfomodeTooltipVehiclesIndustrialTruck","Delivery trucks from industrial buildings.","Lieferwagen aus Industriegebäuden.","Camiones de reparto desde edificios industriales.","Camions de livraison provenant d'immeubles industriels.","Camion per le consegne da edifici industriali.","工業ビルからの配送トラック。","산업용 건물의 배달 트럭.","Samochody dostawcze z budynków przemysłowych.","Caminhões de entrega de prédios industriais.","Грузовики для доставки из промышленных зданий.","来自工业建筑的送货卡车。","來自工業建築的送貨卡車。"
"InfomodeTooltipVehiclesWarehouseTruck","Delivery trucks from warehouse buildings.","Lieferfahrzeuge von Lagergebäuden.","Camiones de reparto desde edificios de almacén.","Camions de livraison en provenance des entrepôts.","Camion di consegna dagli edifici di stoccaggio.","倉庫施設からの配送トラック。","창고 시설의 배송 트럭.","Pojazdy dostawcze z magazynów.","Caminhões de entrega provenientes de armazéns.","Грузовики для доставки со складов.","来自仓库设施的运输卡车。","從倉庫運送貨物的卡車。"
"InfomodeTooltipVehiclesOfficeTruck","Delivery trucks from office buildings.","Lieferwagen aus Bürogebäuden.","Camiones de reparto desde edificios de oficinas.","Camions de livraison provenant d'immeubles de bureaux.","Camion per le consegne da edifici per uffici.","オフィスビルからの配送トラック。","사무실 건물의 배달 트럭.","Samochody dostawcze z budynków biurowych.","Caminhões de entrega de prédios de escritórios.","Грузовики для доставки из офисных зданий.","来自办公楼的送货卡车。","從辦公大樓開出的送貨卡車。"
"InfomodeTooltipVehiclesResidentialCar","@@BuildingsAvailableToRent","@@BuildingsAvailableToRent","@@BuildingsAvailableToRent","@@BuildingsAvailableToRent","@@BuildingsAvailableToRent","@@BuildingsAvailableToRent","@@BuildingsAvailableToRent","@@BuildingsAvailableToRent","@@BuildingsAvailableToRent","@@BuildingsAvailableToRent","@@BuildingsAvailableToRent","@@BuildingsAvailableToRent"
"InfomodeTooltipVehiclesCommercialTruck","@@BuildingsAvailableToRent","@@BuildingsAvailableToRent","@@BuildingsAvailableToRent","@@BuildingsAvailableToRent","@@BuildingsAvailableToRent","@@BuildingsAvailableToRent","@@BuildingsAvailableToRent","@@BuildingsAvailableToRent","@@BuildingsAvailableToRent","@@BuildingsAvailableToRent","@@BuildingsAvailableToRent","@@BuildingsAvailableToRent"
"InfomodeTooltipVehiclesExtractorTruck","@@BuildingsAvailableToRent","@@BuildingsAvailableToRent","@@BuildingsAvailableToRent","@@BuildingsAvailableToRent","@@BuildingsAvailableToRent","@@BuildingsAvailableToRent","@@BuildingsAvailableToRent","@@BuildingsAvailableToRent","@@BuildingsAvailableToRent","@@BuildingsAvailableToRent","@@BuildingsAvailableToRent","@@BuildingsAvailableToRent"
"InfomodeTooltipVehiclesIndustrialTruck","@@BuildingsAvailableToRent","@@BuildingsAvailableToRent","@@BuildingsAvailableToRent","@@BuildingsAvailableToRent","@@BuildingsAvailableToRent","@@BuildingsAvailableToRent","@@BuildingsAvailableToRent","@@BuildingsAvailableToRent","@@BuildingsAvailableToRent","@@BuildingsAvailableToRent","@@BuildingsAvailableToRent","@@BuildingsAvailableToRent"
"InfomodeTooltipVehiclesWarehouseTruck","@@BuildingsAvailableToRent","@@BuildingsAvailableToRent","@@BuildingsAvailableToRent","@@BuildingsAvailableToRent","@@BuildingsAvailableToRent","@@BuildingsAvailableToRent","@@BuildingsAvailableToRent","@@BuildingsAvailableToRent","@@BuildingsAvailableToRent","@@BuildingsAvailableToRent","@@BuildingsAvailableToRent","@@BuildingsAvailableToRent"
"InfomodeTooltipVehiclesOfficeTruck","@@BuildingsAvailableToRent","@@BuildingsAvailableToRent","@@BuildingsAvailableToRent","@@BuildingsAvailableToRent","@@BuildingsAvailableToRent","@@BuildingsAvailableToRent","@@BuildingsAvailableToRent","@@BuildingsAvailableToRent","@@BuildingsAvailableToRent","@@BuildingsAvailableToRent","@@BuildingsAvailableToRent","@@BuildingsAvailableToRent"
"InfomodeTooltipVehiclesParkedCar","Parked cars at parking facilities.","Geparkte Autos auf Parkplätzen.","Coches aparcados en aparcamientos.","Voitures stationnées dans des parkings.","Auto parcheggiate nei parcheggi.","駐車場に駐車されている車。","주차 시설에 주차된 차량.","Zaparkowane samochody na parkingach.","Carros estacionados em estacionamentos.","Припаркованные автомобили на парковках.","停放在停车场的汽车。","停放在停車場的汽車。"
"InfomodeTooltipVehiclesParkedBike","Parked bicycles at parking facilities.","Geparkte Fahrräder auf Parkplätzen.","Bicicletas aparcadas en aparcamientos.","Vélos stationnés dans des parkings.","Biciclette parcheggiate nei parcheggi.","駐車場に駐輪されている自転車。","주차 시설에 주차된 자전거.","Zaparkowane rowery na parkingach.","Bicicletas estacionadas em bicicletários.","Припаркованные велосипеды на парковках.","停放在停车场的自行车。","停放在停車場的自行車。"
"InfomodeTooltipVehiclesParkedOther","Parked vehicles at other than parking facilities.","Geparkte Fahrzeuge außerhalb von Parkplätzen.","Vehículos aparcados fuera de los aparcamientos.","Véhicules stationnés en dehors des parkings.","Veicoli parcheggiati al di fuori delle aree di parcheggio.","駐車場以外の場所に駐車されている車両。","주차 시설이 아닌 곳에 주차된 차량.","Zaparkowane pojazdy poza parkingami.","Veículos estacionados fora de estacionamentos.","Припаркованные транспортные средства вне парковок.","停放在非停车场的车辆。","停放在停車場以外其他地方的車輛。"
"InfomodeTooltipVehiclesRoadMaintenance","Road maintenance vehicles from road maintenance depots.","Straßenwartungsfahrzeuge aus Straßenwartungsdepots.","Vehículos de mantenimiento de carreteras desde los depósitos de mantenimiento de carreteras.","Véhicules d'entretien des routes depuis les dépôts d'entretien des routes.","Veicoli per la manutenzione stradale dai depositi di manutenzione stradale.","道路整備基地からの道路整備車両。","도로 유지 관리 창고의 도로 유지 관리 차량.","Pojazdy utrzymania dróg z baz utrzymania dróg.","Veículos de manutenção de estradas de depósitos de manutenção de estradas.","Дорожно-ремонтные машины из дорожно-ремонтных депо.","来自道路养护站的道路养护车辆。","道路養護站的道路養護車輛。"
"InfomodeTooltipVehiclesAmbulance","Ambulances from healthcare buildings.","Krankenwagen aus Gesundheitsgebäuden.","Ambulancias desde los edificios sanitarios.","Ambulances depuis les bâtiments de soins.","Ambulanze dagli edifici sanitari.","医療施設からの救急車。","의료 시설의 구급차.","Ambulanse z budynków służby zdrowia.","Ambulâncias de prédios de saúde.","Машины скорой помощи из зданий здравоохранения.","来自医疗机构的救护车。","來自醫療大樓的救護車。"
"InfomodeTooltipVehiclesMedicalHelicopter","Medical helicopters from healthcare buildings.","Rettungshubschrauber aus Gesundheitsgebäuden.","Helicópteros médicos desde los edificios sanitarios.","Hélicoptères médicaux depuis les bâtiments de soins.","Elicotteri medici dagli edifici sanitari.","医療施設からの医療ヘリコプター。","의료 시설의 의료 헬리콥터.","Śmigłowce medyczne z budynków służby zdrowia.","Helicópteros médicos de prédios de saúde.","Медицинские вертолеты из зданий здравоохранения.","来自医疗机构的医疗直升机。","來自醫療大樓的醫療直升機。"
"InfomodeTooltipVehiclesHearse","Hearses from deathcare buildings.","Leichenwagen aus Bestattungsgebäuden.","Coches fúnebres de los edificios de atención funeraria.","Des corbillards provenant d'établissements funéraires.","Carri funebri dagli edifici funebri.","死体処理施設からの霊柩車。","장례 관리 건물에서 나온 영구차.","Karawany z budynków pogrzebowych.","Carros funerários de prédios de cuidados funerários.","Катафалки из похоронных бюро.","来自殡葬大楼的灵车。","殯儀館裡的靈車。"
"InfomodeTooltipVehiclesGarbageTruck","Garbage trucks from garbage management buildings.","Müllwagen aus Müllentsorgungsgebäuden.","Camiones de basura de los edificios de gestión de basura.","Des camions poubelles provenant d'établissements de gestion des déchets.","Camion della spazzatura dagli edifici di gestione dei rifiuti.","ゴミ管理施設からのゴミ収集車。","쓰레기 관리 건물에서 나온 쓰레기 트럭.","Śmieciarki z budynków gospodarki odpadami.","Caminhões de lixo de prédios de gerenciamento de lixo.","Мусоровозы из зданий для управления мусором.","来自垃圾管理大楼的垃圾车。","來自垃圾管理大樓的垃圾車。"
"InfomodeTooltipVehiclesFireEngine","Fire engines from fire stations.","Löschfahrzeuge von Feuerwachen.","Camiones de bomberos de estaciones de bomberos.","Véhicules de pompiers des casernes de pompiers.","Autopompe dalle stazioni dei pompieri.","消防署からの消防車。","소방서의 소방차.","Wozy strażackie ze straży pożarnej.","Carros de bombeiros de estações de bombeiros.","Пожарные машины с пожарных станций.","消防站派出的消防车。","來自消防局的消防車。"
"InfomodeTooltipVehiclesFireHelicopter","Fire helicopters from fire stations and fire helicopter depots.","Löschhubschrauber von Feuerwachen und Löschhubschrauberdepots.","Helicópteros de bomberos de estaciones de bomberos y depósitos de helicópteros de bomberos.","Hélicoptères de pompiers des casernes de pompiers et des dépôts d'hélicoptères de pompiers.","Elicotteri antincendio dalle stazioni dei pompieri e dai depositi degli elicotteri antincendio.","消防署と消防ヘリコプター基地からの消防ヘリコプター。","소방서와 소방헬기 창고의 소방헬기.","Śmigłowce strażackie ze straży pożarnej i baz śmigłowców strażackich.","Helicópteros de bombeiros de estações de bombeiros e depósitos de helicópteros de bombeiros.","Пожарные вертолеты с пожарных станций и депо пожарных вертолетов.","消防站和消防直升机站派出的消防直升机。","消防局和消防直升機基地的消防直升機。"
"InfomodeTooltipVehiclesDisasterResponse","Disaster response units from fire stations.","Katastrophenschutzeinheiten von Feuerwachen.","Unidades de respuesta ante desastres de estaciones de bomberos.","Unités d'intervention en cas de catastrophe des casernes de pompiers.","Unità di risposta ai disastri dalle stazioni dei pompieri.","消防署からの災害対応部隊。","소방서의 재난 대응 부대.","Jednostki reagowania na katastrofy ze straży pożarnej.","Unidades de resposta a desastres de estações de bombeiros.","Подразделения по реагированию на стихийные бедствия из пожарных частей.","来自消防站的灾难响应小组。","消防局的救災單位。"
"InfomodeTooltipVehiclesEvacuationBus","Evacuation buses from emergency shelters.","Evakuierungsbusse von Notunterkünften.","Autobuses de evacuación de refugios de emergencia.","Bus d'évacuation des abris d'urgence.","Autobus di evacuazione dai rifugi di emergenza.","緊急避難所からの避難バス。","비상 대피소의 대피 버스.","Autobusy ewakuacyjne ze schronów awaryjnych.","Ônibus de evacuação de abrigos de emergência.","Эвакуационные автобусы из аварийных убежищ.","来自紧急避难所的疏散巴士。","緊急避難所的疏散巴士。"
"InfomodeTooltipVehiclesPoliceCar","Police patrol cars from police stations.","Streifenwagen der Polizei von Polizeistationen.","Patrullas policiales desde comisarías.","Voitures de patrouille de la police des commissariats de police.","Auto di pattuglia della polizia dalle stazioni di polizia.","警察署からの警察パトカー。","경찰서의 경찰 순찰차.","Samochody patrolowe policji z posterunków policji.","Carros de patrulha da polícia de delegacias de polícia.","Полицейские патрульные машины из полицейских участков.","来自警察局的警用巡逻车。","警察從警察局巡邏汽車。"
"InfomodeTooltipVehiclesPoliceHelicopter","Police helicopters from police stations and police headquarters.","Polizeihubschrauber von Polizeistationen und Polizeihauptquartieren.","Helicópteros policiales desde comisarías y sedes policiales.","Hélicoptères de police des commissariats et des préfectures de police.","Elicotteri della polizia dalle stazioni di polizia e dai quartieri generali della polizia.","警察署と警察本部からの警察ヘリコプター。","경찰서와 경찰 본부에서 온 경찰 헬리콥터.","Śmigłowce policyjne z posterunków policji i siedzib policji.","Helicópteros da polícia de delegacias de polícia e sedes de polícia.","Полицейские вертолеты из полицейских участков и полицейских управлений.","来自警察局和警察总部的警用直升机。","來自警察局和警察總部的警用直升機。"
"InfomodeTooltipVehiclesPrisonVan","Prison vans from prisons.","Gefängnistransporter von Gefängnissen.","Furgones penitenciarios desde prisiones.","Fourgons pénitentiaires des prisons.","Furgoni delle prigioni dalle prigioni.","刑務所からの刑務所バン。","교도소에서 온 교도소 밴.","Furgonetki więzienne z więzień.","Vans de prisão de prisões.","Тюремные фургоны из тюрем.","来自监狱的囚车。","來自監獄的囚車。"
"InfomodeTooltipVehiclesTaxi","Taxis from taxi depots.","Taxis von Taxidepots.","Taxis desde las estaciones de taxis.","Taxis depuis les dépôts de taxis.","Taxi dai depositi dei taxi.","タクシーはタクシー車庫から。","택시 차고에서 온 택시.","Taksówki z zajezdni taksówek.","Táxis de depósitos de táxis.","Такси из таксопарков.","出租车来自出租车站。","出租車來自出租車站。"
"InfomodeTooltipVehiclesBus","Buses from bus depots.","Busse von Busdepots.","Autobuses desde las estaciones de autobuses.","Autobus depuis les dépôts d'autobus.","Autobus dai depositi degli autobus.","バスはバス車庫から。","버스 차고에서 온 버스.","Autobusy z zajezdni autobusowych.","Ônibus de depósitos de ônibus.","Автобусы из автобусных парков.","公交车来自公交车站。","巴士來自巴士站。"
"InfomodeTooltipVehiclesTrain","Passenger trains and cargo trains from rail yards.","Personenzüge und Güterzüge aus Bahndepots.","Trenes de pasajeros y trenes de carga desde las estaciones de ferrocarril.","Trains de voyageurs et trains de marchandises depuis les gares de triage.","Treni passeggeri e treni merci dagli scali ferroviari.","旅客列車と貨物列車は鉄道操車場から。","철도 야드에서 온 여객 열차와 화물 열차.","Pociągi pasażerskie i towarowe z dworców kolejowych.","Trens de passageiros e trens de carga de pátios ferroviários.","Пассажирские поезда и грузовые поезда из железнодорожных депо.","旅客列车和货运列车来自铁路站。","客運列車和貨運列車均來自鐵路站場。"
"InfomodeTooltipVehiclesTram","Trams from tram depots.","Straßenbahnen von Straßenbahndepots.","Tranvías desde las estaciones de tranvía.","Tramways depuis les dépôts de tramways.","Tram dai depositi dei tram.","路面電車は路面電車車庫から。","트램 차고에서 온 트램.","Tramwaje z zajezdni tramwajowych.","Bondes de depósitos de bondes.","Трамваи из трамвайных депо.","有轨电车来自有轨电车站。","有軌電車來自有軌電車站。"
"InfomodeTooltipVehiclesSubway","Subway vehicles from subway yards.","U-Bahn-Fahrzeuge aus U-Bahn-Depots.","Vehículos del metro desde las estaciones del metro.","Véhicules de métro depuis les gares de triage.","Veicoli della metropolitana dagli scali della metropolitana.","地下鉄車両は地下鉄操車場から。","지하철 야드에서 온 지하철 차량.","Pojazdy metra z dworców metra.","Veículos de metrô de pátios de metrô.","Метрополитен из парков метро.","地铁车辆来自地铁站。","地鐵車輛來自地鐵站場。"
"InfomodeTooltipVehiclesFerry","Ferries from ferry depots.","Fähren von Fährterminals.","Transbordadores desde las terminales de ferry.","Des ferries partent des terminaux de ferry.","Traghetti in partenza dai terminal dei traghetti.","フェリーターミナルからのフェリー。","페리 터미널에서 출발하는 페리.","Promy odpływają z terminali promowych.","Balsas partindo dos terminais de balsas.","Паромы отправляются с паромных терминалов.","渡轮从渡轮码头出发。","從渡輪碼頭出發的渡輪。"
"InfomodeTooltipVehiclesParkMaintenance","Park maintenance vehicles from park maintenance depots.","Parkpflegefahrzeuge aus Parkpflegedepots.","Vehículos de mantenimiento de parques desde los depósitos de mantenimiento de parques.","Véhicules d'entretien des parcs provenant des dépôts d'entretien des parcs.","Veicoli per la manutenzione dei parchi dai depositi di manutenzione dei parchi.","公園管理所からの公園管理車両。","공원 유지 관리 창고의 공원 유지 관리 차량.","Pojazdy do utrzymania parku z baz utrzymania parku.","Veículos de manutenção de parques de depósitos de manutenção de parques.","Транспортные средства для обслуживания парка из депо по обслуживанию парка.","来自公园维护站的公园维护车辆。","來自公園維修站的公園維修車輛。"
"InfomodeTooltipVehiclesPost","Post vans and post trucks from post buildings.","Postwagen und Postlastwagen aus Postgebäuden.","Camiones y furgonetas postales desde los edificios postales.","Fourgons et camions postaux provenant des bâtiments des postes.","Furgoni postali e camion postali dagli edifici postali.","郵便局ビルからの郵便バンと郵便トラック。","우편 건물에서 온 우편 밴과 우편 트럭.","Furgonetki pocztowe i ciężarówki pocztowe z budynków pocztowych.","Vans e caminhões de correio de prédios de correios.","Почтовые фургоны и почтовые грузовики из почтовых зданий.","来自邮政大楼的邮政车和邮政卡车。","來自郵政大樓的郵政貨車和郵政卡車。"
"InfomodeTooltipVehiclesCargoStationTruck","Delivery trucks from cargo train terminals, cargo harbors, and airports.","Lieferlastwagen aus Güterzugterminals, Frachthäfen und Flughäfen.","Camiones de reparto desde terminales de trenes de carga, puertos de carga y aeropuertos.","Camions de livraison provenant des terminaux de trains de marchandises, des ports de marchandises et des aéroports.","Camion per le consegne dai terminal dei treni merci, porti merci e aeroporti.","貨物列車ターミナル、貨物港、空港からの配送トラック。","화물 열차 터미널, 화물 항구, 공항의 배달 트럭.","Samochody dostawcze z terminali pociągów towarowych, portów towarowych i lotnisk.","Caminhões de entrega de terminais de trens de carga, portos de carga e aeroportos.","Грузовики для доставки с грузовых железнодорожных терминалов, грузовых портов и аэропортов.","来自货运火车站、货运港口和机场的送货卡车。","來自貨運火車站、貨運港口和機場的送貨卡車。"
,,,,,,,,,,,,
"InfomodeTooltipEfficiencyResidential","Happiness (not efficiency) of citizens in residential buildings.  100% is neutral happiness.","Zufriedenheit (nicht Effizienz) der Bürger in Wohngebäuden. 100 % ist neutrale Zufriedenheit.","Felicidad (no eficiencia) de los ciudadanos en los edificios residenciales. El 100% es felicidad neutra.","Bonheur (et non efficacité) des citoyens dans les immeubles résidentiels. 100% est un bonheur neutre.","Felicità (non efficienza) dei cittadini negli edifici residenziali. Il 100% è felicità neutra.","住宅ビルの住民の幸福度（効率性ではありません）。100% は中立的な幸福度です。","주거용 건물에 거주하는 시민들의 행복도(효율성이 아님). 100%는 중립적 행복도입니다.","Zadowolenie (nie efektywność) obywateli w budynkach mieszkalnych. 100% to zadowolenie neutralne.","Felicidade (não eficiência) dos cidadãos em edifícios residenciais. 100% é felicidade neutra.","Счастье (не эффективность) граждан в жилых зданиях. 100% — нейтральное счастье.","住宅楼居民的幸福感（而非效率）。100% 为中性幸福感。","住宅大樓內居民的幸福感（而非效率）。 100%是中性的幸福。"
"InfomodeTooltipEfficiencyCommercial","Efficiency of commercial buildings.","Effizienz von Gewerbegebäuden.","Eficiencia de los edificios comerciales.","Efficacité des bâtiments commerciaux.","Efficienza degli edifici commerciali.","商業ビルの効率。","상업용 건물의 효율성.","Efektywność budynków komercyjnych.","Eficiência de edifícios comerciais.","Эффективность коммерческих зданий.","商业建筑的效率。","商業建築的效率。"
"InfomodeTooltipEfficiencyExtractor","Efficiency of extractor buildings.","Effizienz von Extraktionsgebäuden.","Eficiencia de los edificios de extracción.","Efficacité des bâtiments d'extraction.","Efficienza degli edifici di estrazione.","抽出施設の効率","추출 시설의 효율성.","Efektywność budynków wydobywczych.","Eficiência das instalações de extração.","Эффективность добывающих сооружений.","开采建筑的效率。","專業工業建築的效率。"
"InfomodeTooltipEfficiencyIndustrial","Efficiency of industrial buildings.","Effizienz von Industriegebäuden.","Eficiencia de los edificios industriales.","Efficacité des bâtiments industriels.","Efficienza degli edifici industriali.","工業ビルの効率。","산업용 건물의 효율성.","Efektywność budynków przemysłowych.","Eficiência de edifícios industriais.","Эффективность промышленных зданий.","工业建筑的效率。","工業建築的效率。"
"InfomodeTooltipEfficiencyOffice","Efficiency of office buildings.","Effizienz von Bürogebäuden.","Eficiencia de los edificios de oficinas.","Efficacité des immeubles de bureaux.","Efficienza degli edifici per uffici.","オフィスビルの効率。","사무실 건물의 효율성.","Efektywność budynków biurowych.","Eficiência de edifícios de escritórios.","Эффективность офисных зданий.","办公楼的效率。","辦公大樓的效率。"
"InfomodeTooltipEfficiencyResidential","@@BuildingsAvailableToRent","@@BuildingsAvailableToRent","@@BuildingsAvailableToRent","@@BuildingsAvailableToRent","@@BuildingsAvailableToRent","@@BuildingsAvailableToRent","@@BuildingsAvailableToRent","@@BuildingsAvailableToRent","@@BuildingsAvailableToRent","@@BuildingsAvailableToRent","@@BuildingsAvailableToRent","@@BuildingsAvailableToRent"
"InfomodeTooltipEfficiencyCommercial","@@BuildingsAvailableToRent","@@BuildingsAvailableToRent","@@BuildingsAvailableToRent","@@BuildingsAvailableToRent","@@BuildingsAvailableToRent","@@BuildingsAvailableToRent","@@BuildingsAvailableToRent","@@BuildingsAvailableToRent","@@BuildingsAvailableToRent","@@BuildingsAvailableToRent","@@BuildingsAvailableToRent","@@BuildingsAvailableToRent"
"InfomodeTooltipEfficiencyExtractor","@@BuildingsAvailableToRent","@@BuildingsAvailableToRent","@@BuildingsAvailableToRent","@@BuildingsAvailableToRent","@@BuildingsAvailableToRent","@@BuildingsAvailableToRent","@@BuildingsAvailableToRent","@@BuildingsAvailableToRent","@@BuildingsAvailableToRent","@@BuildingsAvailableToRent","@@BuildingsAvailableToRent","@@BuildingsAvailableToRent"
"InfomodeTooltipEfficiencyIndustrial","@@BuildingsAvailableToRent","@@BuildingsAvailableToRent","@@BuildingsAvailableToRent","@@BuildingsAvailableToRent","@@BuildingsAvailableToRent","@@BuildingsAvailableToRent","@@BuildingsAvailableToRent","@@BuildingsAvailableToRent","@@BuildingsAvailableToRent","@@BuildingsAvailableToRent","@@BuildingsAvailableToRent","@@BuildingsAvailableToRent"
"InfomodeTooltipEfficiencyOffice","@@BuildingsAvailableToRent","@@BuildingsAvailableToRent","@@BuildingsAvailableToRent","@@BuildingsAvailableToRent","@@BuildingsAvailableToRent","@@BuildingsAvailableToRent","@@BuildingsAvailableToRent","@@BuildingsAvailableToRent","@@BuildingsAvailableToRent","@@BuildingsAvailableToRent","@@BuildingsAvailableToRent","@@BuildingsAvailableToRent"
"InfomodeTooltipEfficiencyParking","Efficiency of parking lots and parking buildings.","Effizienz von Parkplätzen und Parkhäusern.","Eficiencia de los aparcamientos y edificios de aparcamiento.","Efficacité des parcs de stationnement et des bâtiments de stationnement.","Efficienza dei parcheggi e degli edifici adibiti a parcheggio.","駐車場と駐車場ビルの効率。","주차장 및 주차 건물의 효율성.","Efektywność parkingów i budynków parkingowych.","Eficiência de estacionamentos e prédios de estacionamento.","Эффективность парковок и парковочных зданий.","停车场和停车楼的效率。","停車場和停車樓的效率。"
"InfomodeTooltipEfficiencyRoadMaintenance","Efficiency of road maintenance depots.","Effizienz von Straßeninstandhaltungsgebäuden.","Eficiencia de los depósitos de mantenimiento vial.","Efficacité des dépôts d'entretien des routes.","Efficienza dei depositi di manutenzione stradale.","道路保守拠点の効率。","도로 유지관리 기지의 효율성","Efektywność składów utrzymania dróg.","Eficiência de depósitos de manutenção de estradas.","Эффективность дорожно-эксплуатационных депо.","公路养护基地的效率。","道路養護基地的效率。"
"InfomodeTooltipEfficiencyElectricity","Efficiency of power generating buildings, emergency battery stations, and transformers.","Effizienz von Stromerzeugungsgebäuden, Notstrombatteriestationen und Transformatoren.","Eficiencia de edificios generadores de energía, estaciones de baterías de emergencia y transformadores.","Efficacité des bâtiments de production d'électricité, des stations de batteries de secours et des transformateurs.","Efficienza degli edifici adibiti alla produzione di energia, delle stazioni di batterie di emergenza e dei trasformatori.","発電ビル、非常用バッテリーステーション、変圧器の効率。","발전용 건물, 비상 배터리 스테이션, 변압기의 효율성.","Efektywność budynków generujących energię, stacji akumulatorów awaryjnych i transformatorów.","Eficiência de edifícios geradores de energia, estações de baterias de emergência e transformadores.","Эффективность энергогенерирующих зданий, аварийных аккумуляторных станций и трансформаторов.","发电建筑、应急电池站和变压器的效率。","發電建築物、緊急電池站和變壓器的效率。"
"InfomodeTooltipEfficiencyWater","Efficiency of fresh water buildings.","Effizienz von Frischwassergebäuden.","Eficiencia de los edificios de agua potable.","Efficacité des bâtiments d'eau douce.","Efficienza degli edifici per l'acqua dolce.","淡水施設の効率。","담수 건물의 효율성.","Efektywność budynków świeżej wody.","Eficiência de edifícios de água doce.","Эффективность зданий с пресной водой.","淡水建筑的效率。","淡水建築的效率。"
"InfomodeTooltipEfficiencySewage","Efficiency of sewage treatment buildings.","Effizienz von Abwasserbehandlungsgebäuden.","Eficiencia de los edificios de tratamiento de aguas residuales.","Efficacité des bâtiments de traitement des eaux usées.","Efficienza degli edifici per il trattamento delle acque reflue.","下水処理施設の効率。","하수 처리 건물의 효율성.","Efektywność budynków oczyszczalni ścieków.","Eficiência de edifícios de tratamento de esgoto.","Эффективность зданий по очистке сточных вод.","污水处理建筑的效率。","污水處理建築的效率。"
"InfomodeTooltipEfficiencyHealthcare","Efficiency of healthcare buildings.","Effizienz von Gesundheitsgebäuden.","Eficiencia de los edificios de atención sanitaria.","Efficacité des bâtiments de soins de santé.","Efficienza degli edifici sanitari.","医療施設の効率。","의료 건물의 효율성.","Efektywność budynków służby zdrowia.","Eficiência de edifícios de assistência médica.","Эффективность зданий здравоохранения.","医疗保健建筑的效率。","醫療保健建築的效率。"
"InfomodeTooltipEfficiencyDeathcare","Efficiency of deathcare buildings.","Effizienz von Bestattungsgebäuden.","Eficiencia de los edificios de atención funeraria.","Efficacité des bâtiments funéraires.","Efficienza degli edifici per l'assistenza funebre.","死体処理施設の効率。","사망 관리 건물의 효율성.","Efektywność budynków opieki nad zmarłymi.","Eficiência de prédios de cuidados funerários.","Эффективность похоронных зданий.","殡葬建筑的效率。","殯葬建築的效率。"
"InfomodeTooltipEfficiencyGarbageManagement","Efficiency of garbage management buildings.","Effizienz von Gebäuden zur Müllentsorgung.","Eficiencia de los edificios de gestión de basuras.","Efficacité des bâtiments de gestion des déchets.","Efficienza degli edifici per la gestione dei rifiuti.","ゴミ処理施設の効率。","쓰레기 관리 건물의 효율성.","Efektywność budynków gospodarki odpadami.","Eficiência de prédios de gerenciamento de lixo.","Эффективность зданий для управления мусором.","垃圾管理建筑的效率。","垃圾管理建築的效率。"
"InfomodeTooltipEfficiencyEducation","Efficiency of elementary schools, high schools, colleges, and universities.","Effizienz von Grundschulen, weiterführenden Schulen, Colleges und Universitäten.","Eficiencia de las escuelas primarias, secundarias, colegios y universidades.","Efficacité des écoles primaires, secondaires, collèges et universités.","Efficienza delle scuole elementari, superiori, college e università.","小学校、高校、大学、短期大学の効率性。","초등학교, 고등학교, 전문대학, 대학의 효율성.","Efektywność szkół podstawowych, średnich, wyższych i uniwersytetów.","Eficiência de escolas de ensino fundamental, médio, faculdades e universidades.","Эффективность начальных школ, средних школ, колледжей и университетов.","小学、中学、学院和大学的效率。","小學、高中、學院和大學的效率。"
"InfomodeTooltipEfficiencyResearch","Efficiency of research buildings.","Effizienz von Forschungsgebäuden.","Eficiencia de los edificios de investigación.","Efficacité des bâtiments de recherche.","Efficienza degli edifici di ricerca.","研究棟の効率。","연구 건물의 효율성.","Efektywność budynków badawczych.","Eficiência de prédios de pesquisa.","Эффективность исследовательских зданий.","研究建筑效率。","進行研究的建築物的效率。"
"InfomodeTooltipEfficiencyFireRescue","Efficiency of fire & rescue buildings.","Effizienz von Feuerwehr- und Rettungsgebäuden.","Eficiencia de los edificios de bomberos y salvamento.","Efficacité des bâtiments de lutte contre l'incendie et de secours.","Efficienza degli edifici antincendio e di soccorso.","消防・救助棟の効率。","소방 및 구조 건물의 효율성.","Efektywność budynków straży pożarnej i ratownictwa.","Eficiência de prédios de incêndio e salvamento.","Эффективность пожарных и спасательных зданий.","消防和救援建筑的效率。","消防和救援建築的效率。"
"InfomodeTooltipEfficiencyDisasterControl","Efficiency of disaster control buildings.","Effizienz von Katastrophenschutzgebäuden.","Eficiencia de los edificios de control de catástrofes.","Efficacité des bâtiments de lutte contre les catastrophes.","Efficienza degli edifici di controllo dei disastri.","災害対策棟の効率。","재난 관리 건물의 효율성.","Efektywność budynków kontroli katastrof.","Eficiência de prédios de controle de desastres.","Эффективность зданий по борьбе со стихийными бедствиями.","灾害控制建筑的效率。","災害管理建築的效率。"
"InfomodeTooltipEfficiencyPolice","Efficiency of police stations and prisons.","Effizienz von Polizeistationen und Gefängnissen.","Eficiencia de las comisarías y prisiones.","Efficacité des commissariats de police et des prisons.","Efficienza delle stazioni di polizia e delle prigioni.","警察署と刑務所の効率。","경찰서와 교도소의 효율성.","Efektywność posterunków policji i więzień.","Eficiência de delegacias de polícia e prisões.","Эффективность полицейских участков и тюрем.","警察局和监狱的效率。","警察局和監獄的效率。"
"InfomodeTooltipEfficiencyAdministration","Efficiency of administration buildings.","Effizienz von Verwaltungsgebäuden.","Eficiencia de los edificios administrativos.","Efficacité des bâtiments administratifs.","Efficienza degli edifici amministrativi.","管理棟の効率。","행정 건물의 효율성.","Efektywność budynków administracyjnych.","Eficiência de prédios administrativos.","Эффективность административных зданий.","行政大楼的效率。","行政大樓的效率。"
"InfomodeTooltipEfficiencyTransportation","Efficiency of transport depots and transport stations.","Effizienz von Transportdepots und Transportstationen.","Eficiencia de las cocheras y estaciones de transporte.","Efficacité des dépôts et des gares de transport.","Efficienza dei depositi e delle stazioni di trasporto.","輸送基地と輸送ステーションの効率。","운송 창고와 운송 스테이션의 효율성.","Efektywność baz transportowych i stacji transportowych.","Eficiência de depósitos de transporte e estações de transporte.","Эффективность транспортных депо и транспортных станций.","运输站和运输站的效率。","運輸站和運輸站的效率。"
"InfomodeTooltipEfficiencyParkMaintenance","Efficiency of park maintenance depots.","Effizienz von Parkpflegedepots.","Eficiencia de los depósitos de mantenimiento de parques.","Efficacité des dépôts d'entretien des parcs.","Efficienza dei depositi di manutenzione dei parchi.","公園管理所の効率。","공원 유지 관리 창고의 효율성.","Efektywność składów utrzymania parków.","Eficiência de depósitos de manutenção de parques.","Эффективность парковых депо.","公园维修站的效率。","公園維護站的效率。"
"InfomodeTooltipEfficiencyParksRecreation","Efficiency of parks and recreation buildings.","Effizienz von Parks und Erholungsgebäuden.","Eficiencia de los parques y edificios de recreación.","Efficacité des parcs et des bâtiments de loisirs.","Efficienza dei parchi e degli edifici ricreativi.","公園およびレクリエーション施設の効率。","공원 및 레크리에이션 건물의 효율성.","Efektywność parków i budynków rekreacyjnych.","Eficiência de parques e prédios de recreação.","Эффективность парков и рекреационных зданий.","公园和娱乐建筑的效率。","公園和娛樂建築的效率。"
"InfomodeTooltipEfficiencyPost","Efficiency of post buildings.","Effizienz von Postgebäuden.","Eficiencia de los edificios de correos.","Efficacité des bâtiments de poste.","Efficienza degli edifici postali.","郵便局の効率。","우편 건물의 효율성.","Efektywność budynków pocztowych.","Eficiência dos edifícios postais.","Эффективность почтовых зданий.","邮局建筑的效率。","郵政大樓的效率。"
"InfomodeTooltipEfficiencyTelecom","Efficiency of telecommunication buildings.","Effizienz von Telekommunikationsgebäuden.","Eficiencia de los edificios de telecomunicaciones.","Efficacité des bâtiments de télécommunication.","Efficienza degli edifici per le telecomunicazioni.","通信施設の効率。","통신 건물의 효율성.","Efektywność budynków telekomunikacyjnych.","Eficiência de prédios de telecomunicações.","Эффективность телекоммуникационных зданий.","电信建筑的效率。","電信建築的效率。"
,,,,,,,,,,,,
"InfomodeTooltipProcessingElectricityProduction","Electricity produced as a percent of production capacity. @@UOMPlaceholder","Produzierter Strom als Prozentsatz der Produktionskapazität. @@UOMPlaceholder","Electricidad producida como porcentaje de la capacidad de producción. @@UOMPlaceholder","Électricité produite en pourcentage de la capacité de production. @@UOMPlaceholder","Elettricità prodotta come percentuale della capacità produttiva. @@UOMPlaceholder","生産能力に対する生産電力の割合。 @@UOMPlaceholder","생산 용량 대비 생산된 전기의 비율입니다. @@UOMPlaceholder","Wyprodukowana energia elektryczna jako procent zdolności produkcyjnej. @@UOMPlaceholder","Eletricidade produzida como porcentagem da capacidade de produção. @@UOMPlaceholder","Электроэнергия, произведенная как процент от производственной мощности. @@UOMPlaceholder","生产的电力占生产能力的百分比。 @@UOMPlaceholder","發電量佔生產能力的百分比。 @@UOMPlaceholder"
"InfomodeTooltipProcessingWaterOutput","Water output as a percent of output capacity. @@UOMPlaceholder","Wasserausstoß als Prozentsatz der Ausstoßkapazität. @@UOMPlaceholder","Salida de agua como porcentaje de la capacidad de salida. @@UOMPlaceholder","Débit d'eau en pourcentage de la capacité de production. @@UOMPlaceholder","Portata d'acqua come percentuale della capacità di uscita. @@UOMPlaceholder","出力容量に対する水出力の割合。 @@UOMPlaceholder","생산량 대비 물 생산량 비율입니다. @@UOMPlaceholder","Produkcja wody jako procent zdolności produkcyjnej. @@UOMPlaceholder","Produção de água como porcentagem da capacidade de produção. @@UOMPlaceholder","Производство воды в процентах от производственной мощности. @@UOMPlaceholder","水产量占产量能力的百分比。 @@UOMPlaceholder","水產量佔產出能力的百分比。 @@UOMPlaceholder"
"InfomodeTooltipProcessingSewageTreatment","Sewage treatment as a percent of treatment capacity. @@UOMPlaceholder","Abwasserbehandlung als Prozentsatz der Behandlungskapazität. @@UOMPlaceholder","Tratamiento de aguas residuales como porcentaje de la capacidad de tratamiento. @@UOMPlaceholder","Traitement des eaux usées en pourcentage de la capacité de traitement. @@UOMPlaceholder","Trattamento delle acque reflue come percentuale della capacità di trattamento. @@UOMPlaceholder","処理能力に対する下水処理の割合。 @@UOMPlaceholder","하수 처리 용량 중 처리량이 차지하는 비율입니다. @@UOMPlaceholder","Oczyszczanie ścieków jako procent wydajności oczyszczalni. @@UOMPlaceholder","Tratamento de esgoto como porcentagem da capacidade de tratamento. @@UOMPlaceholder","Очистка сточных вод в процентах от мощности очистки. @@UOMPlaceholder","污水处理量占处理能力的百分比。 @@UOMPlaceholder","污水處理量佔處理能力的百分比。 @@UOMPlaceholder"
"InfomodeTooltipProcessingCrematoriumProcessing","Crematorium processing speed as a percent of processing capacity. @@UOMPlaceholder","Verarbeitungsgeschwindigkeit des Krematoriums als Prozentsatz der Verarbeitungskapazität. @@UOMPlaceholder","Velocidad de procesamiento del crematorio como porcentaje de la capacidad de procesamiento. @@UOMPlaceholder","Vitesse de traitement du crématorium en pourcentage de la capacité de traitement. @@UOMPlaceholder","Velocità di elaborazione del crematorio come percentuale della capacità di elaborazione. @@UOMPlaceholder","火葬場の処理速度を処理能力のパーセントで表します。 @@UOMPlaceholder","장례식장의 처리 속도는 처리 용량의 백분율로 표시됩니다. @@UOMPlaceholder","Prędkość przetwarzania w krematorium jako procent wydajności przetwarzania. @@UOMPlaceholder","Velocidade de processamento do crematório como porcentagem da capacidade de processamento. @@UOMPlaceholder","Скорость обработки крематория в процентах от мощности переработки. @@UOMPlaceholder","火葬场处理速度占处理能力的百分比。 @@UOMPlaceholder","火葬場處理速度佔處理能力的百分比。 @@UOMPlaceholder"
"InfomodeTooltipProcessingGarbageProcessing","Garbage processing speed as a percent of processing capacity. @@UOMPlaceholder","Geschwindigkeit der Müllverarbeitung als Prozentsatz der Verarbeitungskapazität. @@UOMPlaceholder","Velocidad de procesamiento de basura como porcentaje de la capacidad de procesamiento. @@UOMPlaceholder","Vitesse de traitement des déchets en pourcentage de la capacité de traitement. @@UOMPlaceholder","Tasso di elaborazione dei rifiuti come percentuale della capacità di elaborazione. @@UOMPlaceholder","処理能力に対するガベージ処理速度の割合。 @@UOMPlaceholder","처리 용량에 대한 가비지 처리 속도의 백분율입니다. @@UOMPlaceholder","Prędkość przetwarzania śmieci jako procent wydajności przetwarzania śmieci. @@UOMPlaceholder","Velocidade de processamento de lixo como uma porcentagem da capacidade de processamento. @@UOMPlaceholder","Скорость обработки мусора в процентах от производительности обработки. @@UOMPlaceholder","垃圾处理速度占处理能力的百分比。 @@UOMPlaceholder","垃圾處理速度佔處理能力的百分比。 @@UOMPlaceholder"
"InfomodeTooltipProcessingMailSortingSpeed","Mail sorting speed as a percent of sorting capacity. @@UOMPlaceholder","Geschwindigkeit der Postsortierung als Prozentsatz der Sortierkapazität. @@UOMPlaceholder","Velocidad de clasificación de correo como porcentaje de la capacidad de clasificación. @@UOMPlaceholder","Vitesse de tri du courrier en pourcentage de la capacité de tri. @@UOMPlaceholder","Velocità di smistamento della posta come percentuale della capacità di smistamento. @@UOMPlaceholder","仕分け能力に対する郵便物の仕分け速度の割合。 @@UOMPlaceholder","우편물 분류 속도를 분류 용량의 백분율로 나타낸 것입니다. @@UOMPlaceholder","Prędkość sortowania poczty jako procent przepustowości sortowania. @@UOMPlaceholder","Velocidade de classificação de correspondência como uma porcentagem da capacidade de classificação.","Скорость сортировки почты в процентах от производительности сортировки. @@UOMPlaceholder","邮件分拣速度占分拣容量的百分比。 @@UOMPlaceholder","郵件分揀速度佔分類能力的百分比。 @@UOMPlaceholder"
,,,,,,,,,,,,
"@@ResourceProductionRateText","Resource production rate as a percent of production capacity.","Ressourcenproduktionsrate in Prozent der Produktionskapazität.","Tasa de producción de recursos como porcentaje de la capacidad de producción.","Taux de production des ressources en pourcentage de la capacité de production.","Tasso di produzione delle risorse espresso in percentuale rispetto alla capacità produttiva.","資源生産率（生産能力に対する比率）。","생산 능력 대비 자원 생산량 비율(백분율).","Tempo produkcji zasobów wyrażone jako procent zdolności produkcyjnych.","Taxa de produção de recursos em percentagem da capacidade de produção.","Показатель темпов производства ресурсов в процентах от производственной мощности.","资源产量占生产能力的百分比。","資源產量佔生產能力的百分比。"
"@@ResourceProductionRateUOM","@@ResourceProductionRateText @@UOMPlaceholder","@@ResourceProductionRateText @@UOMPlaceholder","@@ResourceProductionRateText @@UOMPlaceholder","@@ResourceProductionRateText @@UOMPlaceholder","@@ResourceProductionRateText @@UOMPlaceholder","@@ResourceProductionRateText @@UOMPlaceholder","@@ResourceProductionRateText @@UOMPlaceholder","@@ResourceProductionRateText @@UOMPlaceholder","@@ResourceProductionRateText @@UOMPlaceholder","@@ResourceProductionRateText @@UOMPlaceholder","@@ResourceProductionRateText @@UOMPlaceholder","@@ResourceProductionRateText @@UOMPlaceholder"
"InfomodeTooltipProductionWood","@@ResourceProductionRateUOM","@@ResourceProductionRateUOM","@@ResourceProductionRateUOM","@@ResourceProductionRateUOM","@@ResourceProductionRateUOM","@@ResourceProductionRateUOM","@@ResourceProductionRateUOM","@@ResourceProductionRateUOM","@@ResourceProductionRateUOM","@@ResourceProductionRateUOM","@@ResourceProductionRateUOM","@@ResourceProductionRateUOM"
"InfomodeTooltipProductionGrain","@@ResourceProductionRateUOM","@@ResourceProductionRateUOM","@@ResourceProductionRateUOM","@@ResourceProductionRateUOM","@@ResourceProductionRateUOM","@@ResourceProductionRateUOM","@@ResourceProductionRateUOM","@@ResourceProductionRateUOM","@@ResourceProductionRateUOM","@@ResourceProductionRateUOM","@@ResourceProductionRateUOM","@@ResourceProductionRateUOM"
"InfomodeTooltipProductionLivestock","@@ResourceProductionRateUOM","@@ResourceProductionRateUOM","@@ResourceProductionRateUOM","@@ResourceProductionRateUOM","@@ResourceProductionRateUOM","@@ResourceProductionRateUOM","@@ResourceProductionRateUOM","@@ResourceProductionRateUOM","@@ResourceProductionRateUOM","@@ResourceProductionRateUOM","@@ResourceProductionRateUOM","@@ResourceProductionRateUOM"
"InfomodeTooltipProductionFish","@@ResourceProductionRateUOM","@@ResourceProductionRateUOM","@@ResourceProductionRateUOM","@@ResourceProductionRateUOM","@@ResourceProductionRateUOM","@@ResourceProductionRateUOM","@@ResourceProductionRateUOM","@@ResourceProductionRateUOM","@@ResourceProductionRateUOM","@@ResourceProductionRateUOM","@@ResourceProductionRateUOM","@@ResourceProductionRateUOM"
"InfomodeTooltipProductionVegetables","@@ResourceProductionRateUOM","@@ResourceProductionRateUOM","@@ResourceProductionRateUOM","@@ResourceProductionRateUOM","@@ResourceProductionRateUOM","@@ResourceProductionRateUOM","@@ResourceProductionRateUOM","@@ResourceProductionRateUOM","@@ResourceProductionRateUOM","@@ResourceProductionRateUOM","@@ResourceProductionRateUOM","@@ResourceProductionRateUOM"
"InfomodeTooltipProductionCotton","@@ResourceProductionRateUOM","@@ResourceProductionRateUOM","@@ResourceProductionRateUOM","@@ResourceProductionRateUOM","@@ResourceProductionRateUOM","@@ResourceProductionRateUOM","@@ResourceProductionRateUOM","@@ResourceProductionRateUOM","@@ResourceProductionRateUOM","@@ResourceProductionRateUOM","@@ResourceProductionRateUOM","@@ResourceProductionRateUOM"
"InfomodeTooltipProductionOil","@@ResourceProductionRateUOM","@@ResourceProductionRateUOM","@@ResourceProductionRateUOM","@@ResourceProductionRateUOM","@@ResourceProductionRateUOM","@@ResourceProductionRateUOM","@@ResourceProductionRateUOM","@@ResourceProductionRateUOM","@@ResourceProductionRateUOM","@@ResourceProductionRateUOM","@@ResourceProductionRateUOM","@@ResourceProductionRateUOM"
"InfomodeTooltipProductionOre","@@ResourceProductionRateUOM","@@ResourceProductionRateUOM","@@ResourceProductionRateUOM","@@ResourceProductionRateUOM","@@ResourceProductionRateUOM","@@ResourceProductionRateUOM","@@ResourceProductionRateUOM","@@ResourceProductionRateUOM","@@ResourceProductionRateUOM","@@ResourceProductionRateUOM","@@ResourceProductionRateUOM","@@ResourceProductionRateUOM"
"InfomodeTooltipProductionCoal","@@ResourceProductionRateUOM","@@ResourceProductionRateUOM","@@ResourceProductionRateUOM","@@ResourceProductionRateUOM","@@ResourceProductionRateUOM","@@ResourceProductionRateUOM","@@ResourceProductionRateUOM","@@ResourceProductionRateUOM","@@ResourceProductionRateUOM","@@ResourceProductionRateUOM","@@ResourceProductionRateUOM","@@ResourceProductionRateUOM"
"InfomodeTooltipProductionStone","@@ResourceProductionRateUOM","@@ResourceProductionRateUOM","@@ResourceProductionRateUOM","@@ResourceProductionRateUOM","@@ResourceProductionRateUOM","@@ResourceProductionRateUOM","@@ResourceProductionRateUOM","@@ResourceProductionRateUOM","@@ResourceProductionRateUOM","@@ResourceProductionRateUOM","@@ResourceProductionRateUOM","@@ResourceProductionRateUOM"
"InfomodeTooltipProductionMetals","@@ResourceProductionRateUOM","@@ResourceProductionRateUOM","@@ResourceProductionRateUOM","@@ResourceProductionRateUOM","@@ResourceProductionRateUOM","@@ResourceProductionRateUOM","@@ResourceProductionRateUOM","@@ResourceProductionRateUOM","@@ResourceProductionRateUOM","@@ResourceProductionRateUOM","@@ResourceProductionRateUOM","@@ResourceProductionRateUOM"
"InfomodeTooltipProductionSteel","@@ResourceProductionRateUOM","@@ResourceProductionRateUOM","@@ResourceProductionRateUOM","@@ResourceProductionRateUOM","@@ResourceProductionRateUOM","@@ResourceProductionRateUOM","@@ResourceProductionRateUOM","@@ResourceProductionRateUOM","@@ResourceProductionRateUOM","@@ResourceProductionRateUOM","@@ResourceProductionRateUOM","@@ResourceProductionRateUOM"
"InfomodeTooltipProductionMinerals","@@ResourceProductionRateUOM","@@ResourceProductionRateUOM","@@ResourceProductionRateUOM","@@ResourceProductionRateUOM","@@ResourceProductionRateUOM","@@ResourceProductionRateUOM","@@ResourceProductionRateUOM","@@ResourceProductionRateUOM","@@ResourceProductionRateUOM","@@ResourceProductionRateUOM","@@ResourceProductionRateUOM","@@ResourceProductionRateUOM"
"InfomodeTooltipProductionConcrete","@@ResourceProductionRateUOM","@@ResourceProductionRateUOM","@@ResourceProductionRateUOM","@@ResourceProductionRateUOM","@@ResourceProductionRateUOM","@@ResourceProductionRateUOM","@@ResourceProductionRateUOM","@@ResourceProductionRateUOM","@@ResourceProductionRateUOM","@@ResourceProductionRateUOM","@@ResourceProductionRateUOM","@@ResourceProductionRateUOM"
"InfomodeTooltipProductionMachinery","@@ResourceProductionRateUOM","@@ResourceProductionRateUOM","@@ResourceProductionRateUOM","@@ResourceProductionRateUOM","@@ResourceProductionRateUOM","@@ResourceProductionRateUOM","@@ResourceProductionRateUOM","@@ResourceProductionRateUOM","@@ResourceProductionRateUOM","@@ResourceProductionRateUOM","@@ResourceProductionRateUOM","@@ResourceProductionRateUOM"
"InfomodeTooltipProductionPetrochemicals","@@ResourceProductionRateUOM","@@ResourceProductionRateUOM","@@ResourceProductionRateUOM","@@ResourceProductionRateUOM","@@ResourceProductionRateUOM","@@ResourceProductionRateUOM","@@ResourceProductionRateUOM","@@ResourceProductionRateUOM","@@ResourceProductionRateUOM","@@ResourceProductionRateUOM","@@ResourceProductionRateUOM","@@ResourceProductionRateUOM"
"InfomodeTooltipProductionChemicals","@@ResourceProductionRateUOM","@@ResourceProductionRateUOM","@@ResourceProductionRateUOM","@@ResourceProductionRateUOM","@@ResourceProductionRateUOM","@@ResourceProductionRateUOM","@@ResourceProductionRateUOM","@@ResourceProductionRateUOM","@@ResourceProductionRateUOM","@@ResourceProductionRateUOM","@@ResourceProductionRateUOM","@@ResourceProductionRateUOM"
"InfomodeTooltipProductionPlastics","@@ResourceProductionRateUOM","@@ResourceProductionRateUOM","@@ResourceProductionRateUOM","@@ResourceProductionRateUOM","@@ResourceProductionRateUOM","@@ResourceProductionRateUOM","@@ResourceProductionRateUOM","@@ResourceProductionRateUOM","@@ResourceProductionRateUOM","@@ResourceProductionRateUOM","@@ResourceProductionRateUOM","@@ResourceProductionRateUOM"
"InfomodeTooltipProductionPharmaceuticals","@@ResourceProductionRateUOM","@@ResourceProductionRateUOM","@@ResourceProductionRateUOM","@@ResourceProductionRateUOM","@@ResourceProductionRateUOM","@@ResourceProductionRateUOM","@@ResourceProductionRateUOM","@@ResourceProductionRateUOM","@@ResourceProductionRateUOM","@@ResourceProductionRateUOM","@@ResourceProductionRateUOM","@@ResourceProductionRateUOM"
"InfomodeTooltipProductionElectronics","@@ResourceProductionRateUOM","@@ResourceProductionRateUOM","@@ResourceProductionRateUOM","@@ResourceProductionRateUOM","@@ResourceProductionRateUOM","@@ResourceProductionRateUOM","@@ResourceProductionRateUOM","@@ResourceProductionRateUOM","@@ResourceProductionRateUOM","@@ResourceProductionRateUOM","@@ResourceProductionRateUOM","@@ResourceProductionRateUOM"
"InfomodeTooltipProductionVehicles","@@ResourceProductionRateUOM","@@ResourceProductionRateUOM","@@ResourceProductionRateUOM","@@ResourceProductionRateUOM","@@ResourceProductionRateUOM","@@ResourceProductionRateUOM","@@ResourceProductionRateUOM","@@ResourceProductionRateUOM","@@ResourceProductionRateUOM","@@ResourceProductionRateUOM","@@ResourceProductionRateUOM","@@ResourceProductionRateUOM"
"InfomodeTooltipProductionBeverages","@@ResourceProductionRateUOM","@@ResourceProductionRateUOM","@@ResourceProductionRateUOM","@@ResourceProductionRateUOM","@@ResourceProductionRateUOM","@@ResourceProductionRateUOM","@@ResourceProductionRateUOM","@@ResourceProductionRateUOM","@@ResourceProductionRateUOM","@@ResourceProductionRateUOM","@@ResourceProductionRateUOM","@@ResourceProductionRateUOM"
"InfomodeTooltipProductionConvenienceFood","@@ResourceProductionRateUOM","@@ResourceProductionRateUOM","@@ResourceProductionRateUOM","@@ResourceProductionRateUOM","@@ResourceProductionRateUOM","@@ResourceProductionRateUOM","@@ResourceProductionRateUOM","@@ResourceProductionRateUOM","@@ResourceProductionRateUOM","@@ResourceProductionRateUOM","@@ResourceProductionRateUOM","@@ResourceProductionRateUOM"
"InfomodeTooltipProductionFood","@@ResourceProductionRateUOM","@@ResourceProductionRateUOM","@@ResourceProductionRateUOM","@@ResourceProductionRateUOM","@@ResourceProductionRateUOM","@@ResourceProductionRateUOM","@@ResourceProductionRateUOM","@@ResourceProductionRateUOM","@@ResourceProductionRateUOM","@@ResourceProductionRateUOM","@@ResourceProductionRateUOM","@@ResourceProductionRateUOM"
"InfomodeTooltipProductionTextiles","@@ResourceProductionRateUOM","@@ResourceProductionRateUOM","@@ResourceProductionRateUOM","@@ResourceProductionRateUOM","@@ResourceProductionRateUOM","@@ResourceProductionRateUOM","@@ResourceProductionRateUOM","@@ResourceProductionRateUOM","@@ResourceProductionRateUOM","@@ResourceProductionRateUOM","@@ResourceProductionRateUOM","@@ResourceProductionRateUOM"
"InfomodeTooltipProductionTimber","@@ResourceProductionRateUOM","@@ResourceProductionRateUOM","@@ResourceProductionRateUOM","@@ResourceProductionRateUOM","@@ResourceProductionRateUOM","@@ResourceProductionRateUOM","@@ResourceProductionRateUOM","@@ResourceProductionRateUOM","@@ResourceProductionRateUOM","@@ResourceProductionRateUOM","@@ResourceProductionRateUOM","@@ResourceProductionRateUOM"
"InfomodeTooltipProductionPaper","@@ResourceProductionRateUOM","@@ResourceProductionRateUOM","@@ResourceProductionRateUOM","@@ResourceProductionRateUOM","@@ResourceProductionRateUOM","@@ResourceProductionRateUOM","@@ResourceProductionRateUOM","@@ResourceProductionRateUOM","@@ResourceProductionRateUOM","@@ResourceProductionRateUOM","@@ResourceProductionRateUOM","@@ResourceProductionRateUOM"
"InfomodeTooltipProductionFurniture","@@ResourceProductionRateUOM","@@ResourceProductionRateUOM","@@ResourceProductionRateUOM","@@ResourceProductionRateUOM","@@ResourceProductionRateUOM","@@ResourceProductionRateUOM","@@ResourceProductionRateUOM","@@ResourceProductionRateUOM","@@ResourceProductionRateUOM","@@ResourceProductionRateUOM","@@ResourceProductionRateUOM","@@ResourceProductionRateUOM"
"InfomodeTooltipProductionSoftware","@@ResourceProductionRateUOM","@@ResourceProductionRateUOM","@@ResourceProductionRateUOM","@@ResourceProductionRateUOM","@@ResourceProductionRateUOM","@@ResourceProductionRateUOM","@@ResourceProductionRateUOM","@@ResourceProductionRateUOM","@@ResourceProductionRateUOM","@@ResourceProductionRateUOM","@@ResourceProductionRateUOM","@@ResourceProductionRateUOM"
"InfomodeTooltipProductionTelecom","@@ResourceProductionRateUOM","@@ResourceProductionRateUOM","@@ResourceProductionRateUOM","@@ResourceProductionRateUOM","@@ResourceProductionRateUOM","@@ResourceProductionRateUOM","@@ResourceProductionRateUOM","@@ResourceProductionRateUOM","@@ResourceProductionRateUOM","@@ResourceProductionRateUOM","@@ResourceProductionRateUOM","@@ResourceProductionRateUOM"
"InfomodeTooltipProductionFinancial","@@ResourceProductionRateUOM","@@ResourceProductionRateUOM","@@ResourceProductionRateUOM","@@ResourceProductionRateUOM","@@ResourceProductionRateUOM","@@ResourceProductionRateUOM","@@ResourceProductionRateUOM","@@ResourceProductionRateUOM","@@ResourceProductionRateUOM","@@ResourceProductionRateUOM","@@ResourceProductionRateUOM","@@ResourceProductionRateUOM"
"InfomodeTooltipProductionMedia","@@ResourceProductionRateUOM","@@ResourceProductionRateUOM","@@ResourceProductionRateUOM","@@ResourceProductionRateUOM","@@ResourceProductionRateUOM","@@ResourceProductionRateUOM","@@ResourceProductionRateUOM","@@ResourceProductionRateUOM","@@ResourceProductionRateUOM","@@ResourceProductionRateUOM","@@ResourceProductionRateUOM","@@ResourceProductionRateUOM"
,,,,,,,,,,,,
,,,,,,,,,,,,
"# District selector text.",,,,,,,,,,,,
"EntireCity","Entire City","Ganze Stadt","Toda la ciudad","Ville entière","Città intera","市全体","도시 전체","Całe miasto","Cidade inteira","Весь город","整个城市","整個城市"
"DistrictSelectorTooltip","Show building use for the entire city or a single district.","Gebäudenutzung für die ganze Stadt oder einen einzelnen Stadtteil anzeigen.","Muestra el uso del edificio para toda la ciudad o un solo distrito.","Afficher l'utilisation du bâtiment pour toute la ville ou pour un seul quartier.","Mostra l'uso dell'edificio per l'intera città o per un singolo distretto.","市全体または単一の地区の建物の用途を表示します。","도시 전체 또는 단일 구역의 건물 사용을 표시합니다.","Pokaż wykorzystanie budynku w całym mieście lub pojedynczej dzielnicy.","Mostrar uso de edifícios para toda a cidade ou um único distrito.","Показать использование зданий для всего города или отдельного района.","显示整个城市或单个地区的建筑用途。","顯示整個城市或單一地區的建築物用途。"
,,,,,,,,,,,,
"# Select/deselect text.",,,,,,,,,,,,
"SelectAll","Select All","Alles auswählen","Seleccionar todo","Sélectionner tout","Seleziona tutto","すべて選択","모두 선택","Zaznacz wszystko","Selecionar tudo","Выбрать все","全选","選擇全部"
"DeselectAll","Deselect All","Alle abwählen","Deseleccionar todo","Désélectionner tout","Deseleziona tutto","すべて選択解除","모두 선택 해제","Odznacz wszystko","Desmarcar tudo","Отменить выбор всех","取消全选","取消全選"
"SelectDeselectTooltip","Select or deselect all building types.","Wählen Sie alle Gebäudetypen aus oder heben Sie die Auswahl auf.","Seleccione o deseleccione todos los tipos de edificios.","Sélectionnez ou désélectionnez tous les types de bâtiments.","Seleziona o deseleziona tutti i tipi di edifici.","すべての建物タイプを選択または選択解除します。","모든 건물 유형을 선택하거나 선택 해제합니다.","Zaznacz lub odznacz wszystkie typy budynków.","Selecione ou desmarque todos os tipos de construção.","Выберите или отмените выбор всех типов зданий.","选择或取消选择所有建筑类型。","選擇或取消選擇所有建築類型。"
,,,,,,,,,,,,
"# Vehicles in use/in maintenance text.",,,,,,,,,,,,
"InUse","In Use","Im Einsatz","En uso","En cours d'utilisation","In uso","使用中","사용 중","W użyciu","Em uso","В использовании","使用中","使用中"
"InMaintenance","In Maintenance","In Wartung","En mantenimiento","En maintenance","In manutenzione","メンテナンス中","유지 관리 중","W konserwacji","Em manutenção","В обслуживании","维护中","維護中"
"InUseInMaintenanceTooltip","Count vehicles in use, in maintenance, or both.","Zählen Sie Fahrzeuge im Einsatz, in Wartung oder beidem.","Cuente los vehículos en uso, en mantenimiento o ambos.","Comptez les véhicules en cours d'utilisation, en maintenance ou les deux.","Conta i veicoli in uso, in manutenzione o entrambi.","使用中、メンテナンス中、またはその両方の車両をカウントします。","사용 중, 유지 관리 중 또는 둘 다인 차량을 계산합니다.","Zlicz pojazdy w użyciu, w konserwacji lub w obu.","Conte veículos em uso, em manutenção ou ambos.","Укажите количество транспортных средств, которые используются, находятся в обслуживании или и то, и другое.","统计使用中、维护中或两者的车辆。","計算正在使用、正在維護或兩者兼而有之的車輛。"
,,,,,,,,,,,,
"# Max color text.",,,,,,,,,,,,
"MaxColor100Percent","Max Color 100%","Max. Farbe 100 %","Color máximo 100 %","Couleur max 100 %","Colore massimo 100%","最大色 100%","최대 색상 100%","Maksymalny kolor 100%","Cor máxima 100%","Макс. цвет 100%","最大颜色 100%","最大顏色 100%"
"MaxColor200Percent","Max Color 200%","Max. Farbe 200 %","Color máximo 200 %","Couleur max 200 %","Colore massimo 200%","最大色 200%","최대 색상 200%","Maksymalny kolor 200%","Cor máxima 200%","Макс. цвет 200%","最大颜色 200%","最大顏色 200%"
"MaxColorTooltip","Choose the maximum range for building colors.","Wählen Sie den maximalen Bereich für Gebäudefarben.","Elija el rango máximo de colores para la construcción.","Choisissez la gamme maximale de couleurs pour le bâtiment.","Scegli la gamma massima per i colori degli edifici.","建物の色の最大範囲を選択します。","건물 색상의 최대 범위를 선택합니다.","Wybierz maksymalny zakres kolorów budynku.","Escolha o intervalo máximo para cores de edifícios.","Выберите максимальный диапазон для цветов здания.","选择建筑颜色的最大范围。","選擇建築顏色的最大範圍。"
,,,,,,,,,,,,
"# Unit of measure text.",,,,,,,,,,,,
"UnitOfMeasurePrefixKilo","k","k",,"k","k","k","k","k","k","к ","千","千"
"UnitOfMeasurePrefixMega","M","M","M","M","M","M","M","M","M","М ","兆 ","兆 "
"GigaWattHour","GWh","GWh","GWh","GWh","GWh","GWh","GWh","GWh","GWh","ГВтч","吉瓦时","吉瓦時"
,,,,,,,,,,,,
"# General text.",,,,,,,,,,,,
"NoBuildings","No Buildings","Keine Gebäude","Sin edificios","Aucun bâtiment","Nessun edificio","建物なし","건물 없음","Brak budynków","Nenhum edifício","Нет зданий","无建筑物","沒有建築物"
,,,,,,,,,,,,
,,,,,,,,,,,,
"# Settings.",,,,,,,,,,,,
"SettingTitle","@@Title","@@Title","@@Title","@@Title","@@Title","@@Title","@@Title","@@Title","@@Title","@@Title","@@Title","@@Title"
,,,,,,,,,,,,
"@@ColorChoiceThreeColors","3 Colors","3 Farben","3 colores","3 couleurs","3 colori","3 色","3가지 색상","3 kolory","3 cores","3 цвета","3 种颜色","3 種顏色"
"@@ColorDescThreeColors1","@@ColorChoiceThreeColors (default): Red, yellow, green for low, medium, high building use.","@@ColorChoiceThreeColors (Standard): Rot, Gelb, Grün für niedrige, mittlere und hohe Gebäudenutzung.","@@ColorChoiceThreeColors (predeterminado): rojo, amarillo, verde para uso en edificios bajo, medio y alto.","@@ColorChoiceThreeColors (par défaut) : rouge, jaune, vert pour une utilisation faible, moyenne ou élevée du bâtiment.","@@ColorChoiceThreeColors (predefinito): rosso, giallo, verde per uso basso, medio, alto dell'edificio.","@@ColorChoiceThreeColors (デフォルト): 赤、黄、緑 (建物の低、中、高使用)。","@@ColorChoiceThreeColors (기본값): 낮음, 중간, 높음 건물 사용을 위한 빨간색, 노란색, 초록색.","@@ColorChoiceThreeColors (domyślne): czerwony, żółty, zielony dla niskiego, średniego, wysokiego wykorzystania budynku.","@@ColorChoiceThreeColors (padrão): Vermelho, amarelo, verde para uso baixo, médio e alto em edifícios.","@@ColorChoiceThreeColors (по умолчанию): Красный, желтый, зеленый для низкого, среднего, высокого использования здания.","@@ColorChoiceThreeColors （默认）：红色、黄色、绿色，分别代表低、中、高建筑用途。","@@ColorChoiceThreeColors （預設）：紅色、黃色和綠色表示建築物的低、中、高使用率。"
"@@ColorDescThreeColors2","The colors green and red do not necessarily mean good and bad building use.","Die Farben Grün und Rot bedeuten nicht zwangsläufig eine gute bzw. schlechte Gebäudenutzung.","Los colores verde y rojo no necesariamente significan buen o mal uso del edificio.","Les couleurs verte et rouge ne signifient pas nécessairement une bonne ou une mauvaise utilisation du bâtiment.","I colori verde e rosso non indicano necessariamente un uso buono o cattivo dell'edificio.","緑と赤の色は、必ずしも建物の使用の良し悪しを意味するものではありません。","녹색과 빨간색이 반드시 건물의 사용에 좋고 나쁨을 의미하는 것은 아닙니다.","Kolory zielony i czerwony nie zawsze oznaczają dobre lub złe użytkowanie budynku.","As cores verde e vermelho não significam necessariamente bom ou ruim uso do edifício.","Зеленый и красный цвета не обязательно означают хорошее или плохое использование здания.","绿色和红色并不一定表示建筑物用途的好坏。","綠色和紅色並不一定意味著建築用途的好壞。"
"@@ColorDescThreeColors3","You must decide whether low or high building use is good or bad.","Sie müssen entscheiden, ob eine geringe oder hohe Gebäudenutzung gut oder schlecht ist.","Debes decidir si un uso alto o bajo del edificio es bueno o malo.","Vous devez décider si une utilisation faible ou élevée du bâtiment est bonne ou mauvaise.","Bisogna decidere se un utilizzo basso o elevato di un edificio sia positivo o negativo.","建物の使用が少ないか多いかが良いのか悪いのかを判断する必要があります。","건물의 활용도가 낮거나 높은 것이 좋은지 나쁜지를 결정해야 합니다.","Musisz zdecydować, czy niskie czy wysokie wykorzystanie budynków jest dobre czy złe.","Você deve decidir se o uso baixo ou alto do edifício é bom ou ruim.","Вы должны решить, хорошо это или плохо — низкая или высокая степень использования здания.","您必须判断建筑物的使用率高或低是好还是坏。","您必須決定建築物的使用率是低還是高是好是壞。"
"@@ColorChoiceZone","Zone Color","Zonenfarbe","Color de la zona","Couleur de la zone","Colore zona","ゾーンの色","구역 색상","Kolor strefy","Cor da zona","Цвет зоны","区域颜色","區域顏色"
"@@ColorChoiceRed","Red","Rot","Rojo","Rouge","Rosso","赤","빨간색","Czerwony","Vermelho","Красный","红色","紅色的"
"@@ColorChoiceVarious","Various","Verschiedene","Variar","Varie","Vari","各種","다양함","Różne","Vários","Разный","各种","各種各樣的"
"@@BuildingUseIsColorBrightness","Building use is color brightness.","Gebäudenutzung ist Farbhelligkeit.","El uso en edificios es el brillo del color.","L'utilisation du bâtiment est la luminosité de la couleur.","L'uso dell'edificio è la luminosità del colore.","建物の使用は色の明るさです。","건물 사용은 색상 밝기입니다.","Zastosowanie budynku to jasność koloru.","O uso em edifícios é o brilho da cor.","Использование здания — это яркость цвета.","建筑用途是颜色亮度。","顏色亮度表示建築物的使用百分比。"
"@@Game","Game","Spiel","Juego","Jeu","Gioco","ゲーム","게임","Gra","Jogo","Игра","游戏","遊戲"
"@@ResourceText","Resource","Ressource","Recurso","Ressource","Risorsa","リソース","자원","Zasób","Recurso","Ресурс","资源","資源"
,,,,,,,,,,,,
"SettingGroupGeneral","General","Allgemein","General","Général","Generale","一般的な","일반","Ogólny","Geral","Общий","一般的","一般的"
"SettingZonedBuildingColorLabel","Color of Zoned Buildings","Farbe der in Zonen eingeteilten Gebäude","Color de los edificios zonificados","Couleur des bâtiments zonés","Colore degli edifici suddivisi in zone","ゾーン分けされた建物の色","구역이 지정된 건물의 색상","Kolor budynków strefowych","Cor dos Edifícios Zoneados","Цвет зонированных зданий","分区建筑颜色","分區建築物的顏色"
"SettingZonedBuildingColorDesc","@@ColorDescThreeColors1 @@ColorDescThreeColors2 @@ColorDescThreeColors3","@@ColorDescThreeColors1 @@ColorDescThreeColors2 @@ColorDescThreeColors3","@@ColorDescThreeColors1 @@ColorDescThreeColors2 @@ColorDescThreeColors3","@@ColorDescThreeColors1 @@ColorDescThreeColors2 @@ColorDescThreeColors3","@@ColorDescThreeColors1 @@ColorDescThreeColors2 @@ColorDescThreeColors3","@@ColorDescThreeColors1 @@ColorDescThreeColors2 @@ColorDescThreeColors3","@@ColorDescThreeColors1 @@ColorDescThreeColors2 @@ColorDescThreeColors3","@@ColorDescThreeColors1 @@ColorDescThreeColors2 @@ColorDescThreeColors3","@@ColorDescThreeColors1 @@ColorDescThreeColors2 @@ColorDescThreeColors3","@@ColorDescThreeColors1 @@ColorDescThreeColors2 @@ColorDescThreeColors3","@@ColorDescThreeColors1 @@ColorDescThreeColors2 @@ColorDescThreeColors3","@@ColorDescThreeColors1 @@ColorDescThreeColors2 @@ColorDescThreeColors3"
"SettingZonedBuildingColorDesc","@@ColorChoiceZone: Colors correspond to the zone type. @@BuildingUseIsColorBrightness","@@ColorChoiceZone: Die Farben entsprechen dem Zonentyp. @@BuildingUseIsColorBrightness","@@ColorChoiceZone: Los colores corresponden al tipo de zona. @@BuildingUseIsColorBrightness","@@ColorChoiceZone: Les couleurs correspondent au type de zone. @@BuildingUseIsColorBrightness","@@ColorChoiceZone: I colori corrispondono al tipo di zona. @@BuildingUseIsColorBrightness","@@ColorChoiceZone: 色はゾーンの種類に対応します。 @@BuildingUseIsColorBrightness","@@ColorChoiceZone: 색상은 구역 유형에 따라 달라집니다. @@BuildingUseIsColorBrightness","@@ColorChoiceZone: Kolory odpowiadają typowi strefy. @@BuildingUseIsColorBrightness","@@ColorChoiceZone: As cores correspondem ao tipo de zona. @@BuildingUseIsColorBrightness","@@ColorChoiceZone: Цвета соответствуют типу зоны. @@BuildingUseIsColorBrightness","@@ColorChoiceZone: 颜色与区域类型相对应。 @@BuildingUseIsColorBrightness","@@ColorChoiceZone: 顏色對應於區域類型。 @@BuildingUseIsColorBrightness"
"SettingZonedBuildingColorChoiceThreeColors","@@ColorChoiceThreeColors","@@ColorChoiceThreeColors","@@ColorChoiceThreeColors","@@ColorChoiceThreeColors","@@ColorChoiceThreeColors","@@ColorChoiceThreeColors","@@ColorChoiceThreeColors","@@ColorChoiceThreeColors","@@ColorChoiceThreeColors","@@ColorChoiceThreeColors","@@ColorChoiceThreeColors","@@ColorChoiceThreeColors"
"SettingZonedBuildingColorChoiceZoneColor","@@ColorChoiceZone","@@ColorChoiceZone","@@ColorChoiceZone","@@ColorChoiceZone","@@ColorChoiceZone","@@ColorChoiceZone","@@ColorChoiceZone","@@ColorChoiceZone","@@ColorChoiceZone","@@ColorChoiceZone","@@ColorChoiceZone","@@ColorChoiceZone"
"SettingServiceBuildingColorLabel","Color of Service Buildings","Farbe der Servicegebäude","Color de los edificios de servicios","Couleur des bâtiments de service","Colore degli edifici di servizio","サービス建物の色","서비스 건물의 색상","Kolor budynków usługowych","Cor dos Edifícios de Serviço","Цвет служебных зданий","服务建筑颜色","服務大樓顏色"
"SettingServiceBuildingColorDesc","@@ColorDescThreeColors1 @@ColorDescThreeColors2 @@ColorDescThreeColors3","@@ColorDescThreeColors1 @@ColorDescThreeColors2 @@ColorDescThreeColors3","@@ColorDescThreeColors1 @@ColorDescThreeColors2 @@ColorDescThreeColors3","@@ColorDescThreeColors1 @@ColorDescThreeColors2 @@ColorDescThreeColors3","@@ColorDescThreeColors1 @@ColorDescThreeColors2 @@ColorDescThreeColors3","@@ColorDescThreeColors1 @@ColorDescThreeColors2 @@ColorDescThreeColors3","@@ColorDescThreeColors1 @@ColorDescThreeColors2 @@ColorDescThreeColors3","@@ColorDescThreeColors1 @@ColorDescThreeColors2 @@ColorDescThreeColors3","@@ColorDescThreeColors1 @@ColorDescThreeColors2 @@ColorDescThreeColors3","@@ColorDescThreeColors1 @@ColorDescThreeColors2 @@ColorDescThreeColors3","@@ColorDescThreeColors1 @@ColorDescThreeColors2 @@ColorDescThreeColors3","@@ColorDescThreeColors1 @@ColorDescThreeColors2 @@ColorDescThreeColors3"
"SettingServiceBuildingColorDesc","@@ColorChoiceRed: All service buildings are red. @@BuildingUseIsColorBrightness","@@ColorChoiceRed: Alle Servicegebäude sind rot. @@BuildingUseIsColorBrightness","@@ColorChoiceRed: Todos los edificios de servicios son de color rojo. @@BuildingUseIsColorBrightness","@@ColorChoiceRed: Tous les bâtiments de service sont rouges. @@BuildingUseIsColorBrightness","@@ColorChoiceRed: Tutti gli edifici di servizio sono rossi. @@BuildingUseIsColorBrightness","@@ColorChoiceRed: すべてのサービス ビルは赤色です。 @@BuildingUseIsColorBrightness","@@ColorChoiceRed: 모든 서비스 건물은 빨간색입니다. @@BuildingUseIsColorBrightness","@@ColorChoiceRed: Wszystkie budynki usługowe są czerwone. @@BuildingUseIsColorBrightness","@@ColorChoiceRed: Todos os prédios de serviço são vermelhos. @@BuildingUseIsColorBrightness","@@ColorChoiceRed: Все служебные здания красные. @@BuildingUseIsColorBrightness","@@ColorChoiceRed: 所有服务建筑均为红色。 @@BuildingUseIsColorBrightness","@@ColorChoiceRed: 所有服務大樓都是紅色的。 @@BuildingUseIsColorBrightness"
"SettingServiceBuildingColorDesc","@@ColorChoiceVarious: Different colors for different service building types. @@BuildingUseIsColorBrightness","@@ColorChoiceVarious: Unterschiedliche Farben für unterschiedliche Servicegebäudetypen. @@BuildingUseIsColorBrightness","@@ColorChoiceVarious: Los distintos tipos de edificios de servicios tienen distintos colores. @@BuildingUseIsColorBrightness","@@ColorChoiceVarious: Différentes couleurs pour différents types de bâtiments de service. @@BuildingUseIsColorBrightness","@@ColorChoiceVarious: Colori diversi per diversi tipi di edifici di servizio. @@BuildingUseIsColorBrightness","@@ColorChoiceVarious: サービス ビルの種類によって色が異なります。 @@BuildingUseIsColorBrightness","@@ColorChoiceVarious: 서비스 건물 유형에 따라 다른 색상이 있습니다. @@BuildingUseIsColorBrightness","@@ColorChoiceVarious: Różne kolory dla różnych typów budynków usługowych. @@BuildingUseIsColorBrightness","@@ColorChoiceVarious: Cores diferentes para diferentes tipos de prédios de serviço. @@BuildingUseIsColorBrightness","@@ColorChoiceVarious: Разные цвета для разных типов служебных зданий. @@BuildingUseIsColorBrightness","@@ColorChoiceVarious: 不同类型的服务建筑采用不同的颜色。 @@BuildingUseIsColorBrightness","@@ColorChoiceVarious: 不同的服務建築類型有不同的顏色。 @@BuildingUseIsColorBrightness"
"SettingServiceBuildingColorChoiceThreeColors","@@ColorChoiceThreeColors","@@ColorChoiceThreeColors","@@ColorChoiceThreeColors","@@ColorChoiceThreeColors","@@ColorChoiceThreeColors","@@ColorChoiceThreeColors","@@ColorChoiceThreeColors","@@ColorChoiceThreeColors","@@ColorChoiceThreeColors","@@ColorChoiceThreeColors","@@ColorChoiceThreeColors","@@ColorChoiceThreeColors"
"SettingServiceBuildingColorChoiceRed","@@ColorChoiceRed","@@ColorChoiceRed","@@ColorChoiceRed","@@ColorChoiceRed","@@ColorChoiceRed","@@ColorChoiceRed","@@ColorChoiceRed","@@ColorChoiceRed","@@ColorChoiceRed","@@ColorChoiceRed","@@ColorChoiceRed","@@ColorChoiceRed"
"SettingServiceBuildingColorChoiceVarious","@@ColorChoiceVarious","@@ColorChoiceVarious","@@ColorChoiceVarious","@@ColorChoiceVarious","@@ColorChoiceVarious","@@ColorChoiceVarious","@@ColorChoiceVarious","@@ColorChoiceVarious","@@ColorChoiceVarious","@@ColorChoiceVarious","@@ColorChoiceVarious","@@ColorChoiceVarious"
"SettingProductionInfoviewColorLabel","Color for Production Infoview","Farbe für die Produktionsinformationsansicht","Color para la vista de información de producción","Couleur pour la vue d'informations de production","Colore per la produzione Infoview","生産情報ビューの色","생산 정보 보기용 색상","Kolorystyka dla widoku informacyjnego produkcji","Cores para visualização de informações de produção","Цвет для производственной информации","生产信息视图的颜色","生產資訊視圖的顏色"
"SettingProductionInfoviewColorDesc","@@ColorDescThreeColors1 @@ColorDescThreeColors2 @@ColorDescThreeColors3","@@ColorDescThreeColors1 @@ColorDescThreeColors2 @@ColorDescThreeColors3","@@ColorDescThreeColors1 @@ColorDescThreeColors2 @@ColorDescThreeColors3","@@ColorDescThreeColors1 @@ColorDescThreeColors2 @@ColorDescThreeColors3","@@ColorDescThreeColors1 @@ColorDescThreeColors2 @@ColorDescThreeColors3","@@ColorDescThreeColors1 @@ColorDescThreeColors2 @@ColorDescThreeColors3","@@ColorDescThreeColors1 @@ColorDescThreeColors2 @@ColorDescThreeColors3","@@ColorDescThreeColors1 @@ColorDescThreeColors2 @@ColorDescThreeColors3","@@ColorDescThreeColors1 @@ColorDescThreeColors2 @@ColorDescThreeColors3","@@ColorDescThreeColors1 @@ColorDescThreeColors2 @@ColorDescThreeColors3","@@ColorDescThreeColors1 @@ColorDescThreeColors2 @@ColorDescThreeColors3","@@ColorDescThreeColors1 @@ColorDescThreeColors2 @@ColorDescThreeColors3"
"SettingProductionInfoviewColorDesc","@@ColorChoiceVarious – @@Game: Building color for each resource is defined by the game. @@BuildingUseIsColorBrightness","@@ColorChoiceVarious – @@Game: Die Gebäudefarbe für jede Ressource wird vom Spiel vorgegeben. @@BuildingUseIsColorBrightness","@@ColorChoiceVarious – @@Game: El color de los edificios para cada recurso está definido por el juego. @@BuildingUseIsColorBrightness","@@ColorChoiceVarious – @@Game: La couleur des bâtiments pour chaque ressource est définie par le jeu. @@BuildingUseIsColorBrightness","@@ColorChoiceVarious – @@Game: Il colore degli edifici per ciascuna risorsa è definito dal gioco. @@BuildingUseIsColorBrightness","@@ColorChoiceVarious – @@Game: 各資源の建物の色はゲームによって定義されています。 @@BuildingUseIsColorBrightness","@@ColorChoiceVarious – @@Game: 각 자원에 대한 건물 색상은 게임에서 정의됩니다. @@BuildingUseIsColorBrightness","@@ColorChoiceVarious – @@Game: Kolor budynków dla każdego surowca jest zdefiniowany przez grę. @@BuildingUseIsColorBrightness","@@ColorChoiceVarious – @@Game: A cor da construção para cada recurso é definida pelo jogo. @@BuildingUseIsColorBrightness","@@ColorChoiceVarious – @@Game: Цвет зданий для каждого ресурса определяется игрой. @@BuildingUseIsColorBrightness","@@ColorChoiceVarious – @@Game: 每种资源的建筑颜色由游戏决定。 @@BuildingUseIsColorBrightness","@@ColorChoiceVarious – @@Game: 每種資源的建築顏色由遊戲設定。 @@BuildingUseIsColorBrightness"
"SettingProductionInfoviewColorDesc","@@ColorChoiceVarious – @@ResourceText: Building color for each resource is mostly based on the resource icon. @@BuildingUseIsColorBrightness","@@ColorChoiceVarious – @@ResourceText: Die Gebäudefarbe für jede Ressource basiert größtenteils auf dem Symbol der jeweiligen Ressource. @@BuildingUseIsColorBrightness","@@ColorChoiceVarious – @@ResourceText: El color de los edificios para cada recurso se basa principalmente en el icono del recurso. @@BuildingUseIsColorBrightness","@@ColorChoiceVarious – @@ResourceText: La couleur des bâtiments pour chaque ressource est principalement basée sur l'icône de la ressource. @@BuildingUseIsColorBrightness","@@ColorChoiceVarious – @@ResourceText: Il colore degli edifici per ciascuna risorsa si basa principalmente sull'icona della risorsa stessa. @@BuildingUseIsColorBrightness","@@ColorChoiceVarious – @@ResourceText: 各資源の建物の色は、ほとんどの場合、資源のアイコンに基づいています。 @@BuildingUseIsColorBrightness","@@ColorChoiceVarious – @@ResourceText: 각 자원에 대한 건물 색상은 대부분 자원 아이콘을 기반으로 합니다. @@BuildingUseIsColorBrightness","@@ColorChoiceVarious – @@ResourceText: Kolor budynków dla każdego surowca jest w większości przypadków oparty na ikonie danego surowca. @@BuildingUseIsColorBrightness","@@ColorChoiceVarious – @@ResourceText: A cor da construção para cada recurso é baseada principalmente no ícone do recurso. @@BuildingUseIsColorBrightness","@@ColorChoiceVarious – @@ResourceText: Цвет зданий для каждого ресурса в основном зависит от значка ресурса. @@BuildingUseIsColorBrightness","@@ColorChoiceVarious – @@ResourceText: 每种资源的建筑颜色主要基于该资源的图标。 @@BuildingUseIsColorBrightness","@@ColorChoiceVarious – @@ResourceText: 每種資源的建築顏色主要取決於資源圖示。 @@BuildingUseIsColorBrightness"
"SettingProductionInfoviewColorChoiceThreeColors","@@ColorChoiceThreeColors","@@ColorChoiceThreeColors","@@ColorChoiceThreeColors","@@ColorChoiceThreeColors","@@ColorChoiceThreeColors","@@ColorChoiceThreeColors","@@ColorChoiceThreeColors","@@ColorChoiceThreeColors","@@ColorChoiceThreeColors","@@ColorChoiceThreeColors","@@ColorChoiceThreeColors","@@ColorChoiceThreeColors"
"SettingProductionInfoviewColorChoiceVariousGame","@@ColorChoiceVarious – @@Game","@@ColorChoiceVarious – @@Game","@@ColorChoiceVarious – @@Game","@@ColorChoiceVarious – @@Game","@@ColorChoiceVarious – @@Game","@@ColorChoiceVarious – @@Game","@@ColorChoiceVarious – @@Game","@@ColorChoiceVarious – @@Game","@@ColorChoiceVarious – @@Game","@@ColorChoiceVarious – @@Game","@@ColorChoiceVarious – @@Game","@@ColorChoiceVarious – @@Game"
"SettingProductionInfoviewColorChoiceVariousResource","@@ColorChoiceVarious – @@ResourceText","@@ColorChoiceVarious – @@ResourceText","@@ColorChoiceVarious – @@ResourceText","@@ColorChoiceVarious – @@ResourceText","@@ColorChoiceVarious – @@ResourceText","@@ColorChoiceVarious – @@ResourceText","@@ColorChoiceVarious – @@ResourceText","@@ColorChoiceVarious – @@ResourceText","@@ColorChoiceVarious – @@ResourceText","@@ColorChoiceVarious – @@ResourceText","@@ColorChoiceVarious – @@ResourceText","@@ColorChoiceVarious – @@ResourceText"
"SettingReverseColorsLabel","Reverse Colors","Farben umkehren","Colores inversos","Couleurs inversées","Colori invertiti","色を反転","반전 색상","Odwróć kolory","Cores reversas","Обратные цвета","反转颜色","反轉顏色"
"SettingReverseColorsDesc","When unchecked (default), low to high building use is represented by lighter to darker colors (red, yellow, green for 3 Colors).","Wenn nicht aktiviert (Standard), wird eine geringe bis hohe Gebäudenutzung durch hellere bis dunklere Farben dargestellt (Rot, Gelb, Grün für 3 Farben).","Cuando no está marcada (predeterminada), el uso de edificios de bajo a alto se representa con colores de más claros a más oscuros (rojo, amarillo, verde para 3 colores).","Lorsque cette option n'est pas cochée (par défaut), l'utilisation faible à élevée du bâtiment est représentée par des couleurs plus claires à plus foncées (rouge, jaune, vert pour 3 couleurs).","Se non selezionato (impostazione predefinita), l'uso dell'edificio da basso ad alto è rappresentato da colori da più chiari a più scuri (rosso, giallo, verde per 3 colori).","チェックされていない場合 (デフォルト)、建物の使用率が低いか高いかは、明るい色から暗い色 (3 色の場合は赤、黄、緑) で表されます。","체크 해제(기본값) 시, 낮은 건물 사용률에서 높은 건물 사용률로 갈수록 더 밝은 색상에서 어두운 색상(3가지 색상의 경우 빨간색, 노란색, 초록색)으로 표현됩니다.","Gdy odznaczone (domyślnie), niskie do wysokiego wykorzystanie budynku jest reprezentowane przez jaśniejsze do ciemniejszych kolorów (czerwony, żółty, zielony dla 3 kolorów).","Quando desmarcado (padrão), o uso baixo a alto do edifício é representado por cores mais claras a mais escuras (vermelho, amarelo, verde para 3 cores).","Если флажок не установлен (по умолчанию), то использование зданий от низкого до высокого отображается цветами от более светлых до более темных (красный, желтый, зеленый для 3 цветов).","未选中时（默认），建筑物使用率从低到高用从浅到深的颜色表示（3 种颜色为红色、黄色、绿色）。","未選擇時（預設），建築物使用率從低到高以淺到深的顏色表示（或紅色、黃色、綠色）。"
"SettingReverseColorsDesc","When checked, low to high building use is represented by darker to lighter colors (green, yellow, red for 3 Colors).","Wenn aktiviert, wird eine geringe bis hohe Gebäudenutzung durch dunklere bis hellere Farben dargestellt (Grün, Gelb, Rot für 3 Farben).","Cuando está marcada, el uso de edificios de bajo a alto se representa con colores de más oscuros a más claros (verde, amarillo, rojo para 3 colores).","Lorsque cette option est cochée, l'utilisation faible à élevée du bâtiment est représentée par des couleurs plus foncées à plus claires (vert, jaune, rouge pour 3 couleurs).","Se selezionato, l'uso dell'edificio da basso ad alto è rappresentato da colori da più scuri a più chiari (verde, giallo, rosso per 3 colori).","チェックされている場合、建物の使用率が低いか高いかは、暗い色から明るい色 (3 色の場合は緑、黄、赤) で表されます。","체크 시, 낮은 건물 사용률에서 높은 건물 사용률로 갈수록 더 어두운 색상에서 밝은 색상(3가지 색상의 경우 초록색, 노란색, 빨간색)으로 표현됩니다.","Gdy zaznaczone, niskie do wysokiego wykorzystanie budynku jest reprezentowane przez ciemniejsze do jaśniejszych kolorów (zielony, żółty, czerwony dla 3 kolorów).","Quando marcado, o uso baixo a alto do edifício é representado por cores mais escuras a mais claras (verde, amarelo, vermelho para 3 cores).","Если флажок установлен, то использование зданий от низкого до высокого отображается цветами от более темных до более светлых (зеленый, желтый, красный для 3 цветов).","选中时，建筑物使用率从低到高用从深到浅的颜色表示（3 种颜色为绿色、黄色、红色）。","選定後，建築物使用率從低到高將以深到淺的顏色（或綠色、黃色、紅色）表示。"
,,,,,,,,,,,,
"SettingGroupAbout","About","Über","Acerca de","À propos","Informazioni","について","정보","Informacje","Sobre","Об","关于","關於"
"SettingModVersionLabel","Version","Version","Versión","Version","Versione","バージョン情報","버전","Wersja","Versão","Версия","版本","版本"
"SettingModVersionDesc","Current version.","Aktuelle Version.","Versión actual.","Version actuelle.","Versione attuale.","現在のバージョン。","현재 버전.","Obecna wersja.","Versão Atual.","Текущая версия.","当前版本。","目前版本。"
